Spotify ID,Artist IDs,Track Name,Album Name,Artist Name(s),Release Date,Duration (ms),Popularity,Added By,Added At,Genres,Danceability,Energy,Key,Loudness,Mode,Speechiness,Acousticness,Instrumentalness,Liveness,Valence,Tempo,Time Signature
17bWfTHFHFombOWCWjuz9J,"6w7j5wQ5AI5OQYlcM15s2L","Play With Me","Stranger Things: Soundtrack from the Netflix Series, Season 4","Extreme",2022-05-27,207839,0,spotify:user:ieswim,2022-07-14T01:41:37Z,"funk metal,glam metal,hard rock",0.301,0.935,6,-5.557,1,0.103,0.00525,0.84,0.249,0.249,202.828,4
2L95U6syP0bV3fkYYOzmiW,"2oQX8QiMXOyuqbcZEFsZfm,7arQA31aZVS8yS6zUveWzb,2iI5KWXLjw1tqLQsdjuo0e,1tfhFc2Y8iplDKCteuXjCY","La Mamá de la Mamá (feat. El Cherry Scom)","La Mamá de la Mamá (feat. El Cherry Scom)","El Alfa,CJ,Chael Produciendo,El Cherry Scom",2021-04-08,219000,6,spotify:user:ieswim,2022-07-14T01:36:15Z,"dembow,rap dominicano,trap latino,urbano latino,nyc rap,dembow dominicano",0.922,0.927,11,-3.025,1,0.105,0.283,0.00331,0.719,0.796,129.978,4
6QHXcb0eFwOKZOZ9bOFmxm,"2f1gRV8q7Wua3x7dkoWrbS,26dSoYclwsYLMAKD3tpOr4,7r8RF1tN2A4CiGEplkp1oP","Toxic Pony","Toxic Pony","ALTÉGO,Britney Spears,Ginuwine",2022-01-21,198041,68,spotify:user:ieswim,2022-07-14T01:34:26Z,"dance pop,pop,contemporary r&b,hip pop,r&b,urban contemporary",0.775,0.652,0,-9.906,1,0.152,0.00757,0.000598,0.105,0.922,143.08,4
1dm6z1fWB0cErMszU25dy2,"4q3ewBCX7sLwd24euuV69X","Después de la Playa","Un Verano Sin Ti","Bad Bunny",2022-05-06,230400,78,spotify:user:ieswim,2022-07-14T01:36:13Z,"reggaeton,trap latino,urbano latino",0.564,0.903,5,-3.221,1,0.307,0.356,0,0.175,0.607,78.293,4
3JsydWaf2Ev4ehaLUjj3SY,"1uNFoZAHBGtllmzznpCI3s,1anyVhU62p31KFi8MEzkbf","Confident","Journals","Justin Bieber,Chance the Rapper",2014-05-13,248133,80,spotify:user:ieswim,2022-07-14T01:36:31Z,"canadian pop,pop,chicago rap,conscious hip hop,hip hop,pop rap,rap,trap",0.741,0.565,5,-5.448,0,0.108,0.114,0,0.205,0.892,134.122,4
6Vdyu21iT8qScU1haSjWUU,"6i392l38cR3uBPF0DbNs7S,02ZtVIjKL1PYLlMmP1sz0h,5f7VJjfbwm532GiveGC0ZK,37hAfseJWi0G3Scife12Il,21WS9wngs9AqFckK7yYJPM","Leave Em Alone (Layton Greene, Lil Baby feat. City Girls, PnB Rock)","Quality Control: Control The Streets Volume 2","Quality Control,Layton Greene,Lil Baby,City Girls,PnB Rock",2019-08-16,171646,70,spotify:user:ieswim,2022-07-14T01:36:42Z,"melodic rap,trap,pop r&b,atl hip hop,atl trap,rap,scam rap,trap queen",0.76,0.755,6,-4.735,0,0.19,0.0163,0.00000295,0.0909,0.517,101.993,4
5Yaw45Q7W0irDbTVN5LOVs,"4Q5MS10mWfrDyiXVeAAzVd","Heartbroken - Edit","Heartbroken","T2",2017-03-10,178613,61,spotify:user:ieswim,2022-07-14T01:36:46Z,"bass house,old school bassline,uk garage",0.716,0.757,11,-5.438,0,0.0329,0.0258,0.00392,0.16,0.877,139.986,4
1Ei4I19L2hnsMQYAlaqQLM,"2gduEC76ry33RVurAvT05p,4oCDlRaa8yRpe4keBeoVjb","Cheatin' (feat. MALIKA)","Cheatin' (feat. MALIKA)","Nathan Dawe,Malika",2018-08-10,178414,56,spotify:user:ieswim,2022-07-14T01:36:51Z,"pop dance,uk dance,uae indie,uk contemporary r&b",0.492,0.856,5,-3.476,1,0.0336,0.00153,0,0.495,0.391,123.913,4
1TIiWomS4i0Ikaf9EKdcLn,"4NHQUGzhtTLFvgF5SZesLK","disco tits","BLUE LIPS (lady wood phase II)","Tove Lo",2017-11-17,223794,64,spotify:user:ieswim,2022-07-14T01:37:08Z,"dance pop,metropopolis,pop,swedish electropop,swedish pop,swedish synthpop",0.79,0.728,7,-6.523,1,0.0612,0.025,0.00106,0.172,0.333,110.059,4
7zEz7q43xjzbRSUar4yH3m,"6cK3NBO6uP7hh0oyuVELFl","Fast (Motion)","Fast (Motion)","Saweetie",2021-05-07,170653,53,spotify:user:ieswim,2022-07-14T01:37:12Z,"cali rap,trap queen",0.882,0.839,4,-3.193,1,0.082,0.156,0,0.132,0.71,117.032,4
3lzUeaCbcCDB5IXYfqWRlF,"2YZyLoL8N0Wb9xBt1NhZWg,46SHBwWsqBkxI7EeeBEQG7","Silent Hill","Mr. Morale & The Big Steppers","Kendrick Lamar,Kodak Black",2022-05-13,220779,71,spotify:user:ieswim,2022-07-14T01:37:23Z,"conscious hip hop,hip hop,rap,west coast rap,florida drill,florida rap,melodic rap,miami hip hop,trap,trap latino",0.907,0.577,1,-6.737,0,0.0767,0.438,0.0000319,0.137,0.801,140.07,4
4LmAnpjlhWTahvRkYR8xJa,"5IcR3N7QB1j6KBL8eImZ8m,17lzZA2AlOHwCwFALHttmp,37Qsf5KCKljH7mL134xp4k","X (with 2 Chainz & Saudi)","Black Panther The Album Music From And Inspired By","ScHoolboy Q,2 Chainz,Saudi",2018-02-09,267426,65,spotify:user:ieswim,2022-07-14T01:37:30Z,"gangster rap,hip hop,pop rap,rap,southern hip hop,trap,atl hip hop,south african hip hop",0.768,0.471,2,-8.406,1,0.259,0.0201,0,0.268,0.405,131.023,4
6SwRhMLwNqEi6alNPVG00n,"2YZyLoL8N0Wb9xBt1NhZWg,5pKCCKE2ajJHZ9KAiaK11H","LOYALTY. FEAT. RIHANNA.","DAMN.","Kendrick Lamar,Rihanna",2017-04-14,227360,81,spotify:user:ieswim,2022-07-14T01:37:41Z,"conscious hip hop,hip hop,rap,west coast rap,barbadian pop,pop,urban contemporary",0.658,0.535,9,-8.983,0,0.0573,0.0265,0,0.2,0.419,110.684,4
6HZILIRieu8S0iqY8kIKhj,"2YZyLoL8N0Wb9xBt1NhZWg","DNA.","DAMN.","Kendrick Lamar",2017-04-14,185946,83,spotify:user:ieswim,2022-07-14T01:37:43Z,"conscious hip hop,hip hop,rap,west coast rap",0.638,0.523,1,-6.664,1,0.357,0.00454,0,0.0842,0.422,139.913,4
2cDCojn6uIBM6A5xTAbl3H,"2YZyLoL8N0Wb9xBt1NhZWg,4XqfpACObRB5AsBcUYjL8X","m.A.A.d city","good kid, m.A.A.d city (Deluxe)","Kendrick Lamar,MC Eiht",2012,350120,68,spotify:user:ieswim,2022-07-14T01:37:59Z,"conscious hip hop,hip hop,rap,west coast rap,g funk",0.487,0.729,2,-6.815,1,0.271,0.0538,0.00000407,0.44,0.217,91.048,4
1nX9KhK3Fff27SnrIor2Yb,"17lzZA2AlOHwCwFALHttmp,0Y5tJX1MQlPlqiwlOH1tJY","4 AM","Pretty Girls Like Trap Music","2 Chainz,Travis Scott",2017-06-16,255560,67,spotify:user:ieswim,2022-07-14T01:38:03Z,"atl hip hop,hip hop,pop rap,rap,southern hip hop,trap,slap house",0.796,0.5,1,-7.21,1,0.425,0.118,0,0.155,0.227,75.012,4
1ThmUihH9dF8EV08ku5AXN,"2rhFzFmezpnW82MNqEKVry","Faucet Failure","STOKELEY","Ski Mask The Slump God",2018-11-30,145626,76,spotify:user:ieswim,2022-07-14T01:38:05Z,"hip hop,miami hip hop,pop rap,rap,trap,underground hip hop",0.935,0.552,10,-9.373,0,0.335,0.111,0,0.0952,0.615,99.993,4
0dSIrRkA4PadGll16TgbnV,"0WOxhx4hikIsyF3CRPLC8W,13ubrt8QOOCPljQ2FL1Kca","PICK IT UP (feat. A$AP Rocky)","Dex Meets Dexter","Famous Dex,A$AP Rocky",2018-04-06,191251,69,spotify:user:ieswim,2022-07-14T01:38:08Z,"chicago rap,drill,rap,trap,east coast hip hop,hip hop",0.921,0.467,1,-8.443,1,0.119,0.0149,0.000238,0.334,0.287,135.995,4
4mHgYpuGHu99Mw69E83CP2,"6Xgp2XMz1fhVYe7i6yNAax","Taking A Walk","LIFE'S A TRIP","Trippie Redd",2018-08-10,121680,43,spotify:user:ieswim,2022-07-14T01:38:10Z,"melodic rap,rap,trap",0.767,0.538,0,-6.044,0,0.052,0.68,0,0.192,0.343,81.031,4
1WIZiOuNO3woKfdlSK2gNn,"46SHBwWsqBkxI7EeeBEQG7","Transportin'","Project Baby 2: All Grown Up","Kodak Black",2017-08-18,169344,77,spotify:user:ieswim,2022-07-14T01:38:12Z,"florida drill,florida rap,melodic rap,miami hip hop,rap,trap,trap latino",0.804,0.66,10,-4.86,0,0.0726,0.0319,0,0.103,0.257,94.053,4
7nc7mlSdWYeFom84zZ8Wr8,"46HzS7yz0c9udVwtbHk1sx,5IbEL2xjRtKsunfmsahLuO","Tell Em","Tell Em","Cochise,$NOT",2021-05-28,180379,80,spotify:user:ieswim,2022-07-14T01:38:27Z,"plugg,pluggnb,rage rap,aesthetic rap,cloud rap,florida rap,underground hip hop",0.672,0.717,5,-7.476,1,0.226,0.103,0,0.398,0.473,157.905,4
5PIfH6BzcmH04RDmtzF0BN,"7wlFDEWiM5OoIAt8RSli8b","Outside Today","Until Death Call My Name","YoungBoy Never Broke Again",2018-04-27,129105,65,spotify:user:ieswim,2022-07-14T01:38:27Z,"baton rouge rap,rap",0.851,0.666,11,-5.334,0,0.0694,0.139,0,0.105,0.0585,134.068,4
3U21A07gAloCc4P7J8rxcn,"5K4W6rqBFWDnAN6FQUkS6x","All Mine","ye","Kanye West",2018-06-01,145506,79,spotify:user:ieswim,2022-07-14T01:38:27Z,"chicago rap,hip hop,rap",0.925,0.31,11,-6.531,0,0.291,0.123,0,0.0931,0.291,121.927,4
3nAq2hCr1oWsIU54tS98pL,"5K4W6rqBFWDnAN6FQUkS6x","Waves","The Life Of Pablo","Kanye West",2016-06-10,181573,75,spotify:user:ieswim,2022-07-14T01:38:27Z,"chicago rap,hip hop,rap",0.557,0.586,10,-4.57,1,0.0382,0.0528,0.00000733,0.339,0.0681,96.091,4
7FIWs0pqAYbP91WWM0vlTQ,"7dGJo4pcD2V6oG8kP0tJRR,4MCBfE4596Uoi2O4DtmEMz","Godzilla (feat. Juice WRLD)","Music To Be Murdered By","Eminem,Juice WRLD",2020-01-17,210800,89,spotify:user:ieswim,2022-07-14T01:38:27Z,"detroit hip hop,hip hop,rap,chicago rap,melodic rap",0.808,0.745,10,-5.26,0,0.342,0.145,0,0.292,0.829,165.995,4
7fEoXCZTZFosUFvFQg1BmW,"6QtgPSJPSzcnn7dPZ4VINp","Took Her To The O","Levon James","King Von",2020-03-06,196179,83,spotify:user:ieswim,2022-07-14T01:38:27Z,"chicago rap",0.82,0.592,1,-7.002,1,0.29,0.0149,0.00000471,0.121,0.4,159.98,4
4IWGnyOHDrVZEtPWfs4s7q,"4O15NlyKLIASxsJ0PrXPfz","Do What I Want","The Perfect LUV Tape","Lil Uzi Vert",2016-08-10,175203,68,spotify:user:ieswim,2022-07-14T01:38:27Z,"hip hop,melodic rap,philly rap,rage rap,rap",0.681,0.701,9,-6.336,1,0.0767,0.106,0,0.208,0.398,139.952,4
7zBPzAjKAqQpcv8F8GCq5s,"5SyGEPymt1G2uto47tVWvZ","Uber Everywhere","Uber Everywhere","MadeinTYO",2016-02-26,153428,55,spotify:user:ieswim,2022-07-14T01:38:27Z,"atl hip hop,melodic rap,trap",0.779,0.455,1,-15.025,1,0.28,0.0542,0,0.177,0.197,140.181,4
5qHirGR7M9tdm6C17DlzSY,"3Gm5F95VdRxW3mqCn8RPBJ","REEL IT IN","ONEPOINTFIVE","Aminé",2018-08-15,121346,76,spotify:user:ieswim,2022-07-14T01:38:27Z,"pop rap,portland hip hop,rap,underground hip hop",0.754,0.342,10,-8.677,0,0.0991,0.073,0,0.193,0.423,128.981,4
2nBI3iWLhupR7LyAJ5GGkE,"5K4W6rqBFWDnAN6FQUkS6x,13y7CgLHjMVRMDqxdx0Xdo,0c173mlxpT3dSFRgMO8XPh,17lzZA2AlOHwCwFALHttmp,0Y5tJX1MQlPlqiwlOH1tJY,6Ha4aES39QiVjR0L2lwuwq,0VRj0yCOv2FXJNP47XQnx5,7pFeBzX627ff0VnN6bxPR4","Champions","Champions","Kanye West,Gucci Mane,Big Sean,2 Chainz,Travis Scott,Yo Gotti,Quavo,Desiigner",2016-06-10,334253,67,spotify:user:ieswim,2022-07-14T01:38:27Z,"chicago rap,hip hop,rap,atl hip hop,dirty south rap,pop rap,southern hip hop,trap,detroit hip hop,r&b,slap house,gangster rap,memphis hip hop,tennessee hip hop,melodic rap,viral trap",0.692,0.774,6,-2.48,0,0.0876,0.0623,0,0.873,0.349,134.952,4
6vN77lE9LK6HP2DewaN6HZ,"5f7VJjfbwm532GiveGC0ZK,3TVXtAsR1Inumwj472S9r4","Yes Indeed","Harder Than Ever","Lil Baby,Drake",2018-05-18,142273,85,spotify:user:ieswim,2022-07-14T01:38:27Z,"atl hip hop,atl trap,rap,trap,canadian hip hop,canadian pop,hip hop,pop rap",0.963,0.346,5,-9.309,0,0.53,0.0355,0,0.108,0.562,119.957,4
2G1tXoGBaEMJ7FKGnkf6ud,"13y7CgLHjMVRMDqxdx0Xdo,0du5cEVh5yTK9QJze8zA0C,46SHBwWsqBkxI7EeeBEQG7","Wake Up in the Sky","Evil Genius","Gucci Mane,Bruno Mars,Kodak Black",2018-12-07,203161,77,spotify:user:ieswim,2022-07-14T01:38:27Z,"atl hip hop,dirty south rap,hip hop,pop rap,rap,southern hip hop,trap,dance pop,pop,florida drill,florida rap,melodic rap,miami hip hop,trap latino",0.8,0.578,4,-5.144,0,0.0485,0.00381,0,0.367,0.367,143.01,4
5yY9lUy8nbvjM1Uyo1Uqoc,"1RyvyyTE3xzB2ZywiAwp0i,3TVXtAsR1Inumwj472S9r4","Life Is Good (feat. Drake)","Life Is Good (feat. Drake)","Future,Drake",2020-01-10,237735,78,spotify:user:ieswim,2022-07-14T01:38:27Z,"atl hip hop,hip hop,rap,southern hip hop,trap,canadian hip hop,canadian pop,pop rap",0.676,0.609,2,-5.831,0,0.481,0.0706,0,0.152,0.508,142.037,4
62vpWI1CHwFy7tMIcSStl8,"6l3HvQ5sa6mXTsMTB19rO5","No Role Modelz","2014 Forest Hills Drive","J. Cole",2014-12-09,292986,7,spotify:user:ieswim,2022-07-14T01:38:27Z,"conscious hip hop,hip hop,north carolina hip hop,rap",0.692,0.521,10,-8.465,0,0.33,0.301,0,0.0565,0.463,100.45,4
5wujBwqG7INdStqGd4tRMX,"4MCBfE4596Uoi2O4DtmEMz","Armed And Dangerous","Goodbye & Good Riddance","Juice WRLD",2018-12-10,169999,80,spotify:user:ieswim,2022-07-14T01:38:27Z,"chicago rap,melodic rap,rap",0.736,0.67,10,-6.702,1,0.311,0.186,0,0.114,0.845,130.032,4
3j84U36KvLeXNDPv4t5pI8,"0YinUQ50QDB7ZxSCLyQ40k,6oMuImdp5ZcFhWP0ESe6mG","Pure Water (with Migos)","Perfect Ten","Mustard,Migos",2019-06-28,192470,77,spotify:user:ieswim,2022-07-14T01:38:27Z,"cali rap,pop rap,rap,southern hip hop,trap,atl hip hop,hip hop",0.682,0.559,0,-5.545,1,0.127,0.174,0,0.344,0.137,202.015,4
0wbnC9AUenxp613TYaJsGK,"6oMuImdp5ZcFhWP0ESe6mG","Narcos","Culture II","Migos",2018-01-26,255378,72,spotify:user:ieswim,2022-07-14T01:38:27Z,"atl hip hop,hip hop,pop rap,rap,trap",0.936,0.585,0,-6.914,1,0.125,0.0142,0,0.132,0.242,124.991,4
1h6kgem1ai8vUgO1rZOwfB,"15iVAtD3s3FsQR4w1v6M0P,1bPxKZtCdjB1aj1csBJpdS","I Don't Like","Finally Rich","Chief Keef,Lil Reese",2012-01-01,293840,80,spotify:user:ieswim,2022-07-14T01:38:27Z,"chicago bop,chicago drill,chicago rap,drill,hip hop,rap,southern hip hop,trap",0.742,0.844,2,-4.622,1,0.0479,0.000634,0,0.0659,0.416,131.986,4
44sYqNBttbXNxya33FJ3Dj,"0ErzCpIMyLcjPiwT4elrtZ","Camelot","Top Shotta","NLE Choppa",2020-08-10,148759,77,spotify:user:ieswim,2022-07-14T01:38:27Z,"memphis hip hop,rap",0.787,0.713,7,-5.252,1,0.401,0.0849,0,0.717,0.761,175.046,4
62Yo3FDddWY8ydu6PW2wyz,"2LIk90788K0zvyj2JJVwkJ","Nail Tech","Nail Tech","Jack Harlow",2022-02-18,206385,68,spotify:user:ieswim,2022-07-14T01:38:27Z,"deep underground hip hop,kentucky hip hop,pop rap,rap",0.677,0.557,1,-8.409,1,0.0694,0.00508,0.00000836,0.0984,0.1,150.127,4
5dAtKXyrQoQW054LZqJ5dP,"45eNHdiiabvmbp4erw26rg,5FKchcZpQOkqFvXBj1aCvb,3Uobr6LgQpBbk6k4QGAb3V","Feel Something (With I Prevail)","Feel Something (With I Prevail)","ILLENIUM,Excision,I Prevail",2020-04-03,221000,65,spotify:user:ieswim,2022-07-14T01:38:58Z,"edm,melodic dubstep,pop dance,brostep,canadian electronic,filthstep,alternative metal,nu-metalcore,post-grunge",0.428,0.877,5,-4.722,0,0.0835,0.00153,0.00372,0.0943,0.113,75.518,4
3PoH8BqaZj9azNQjL93iYu,"1IueXOQyABrMOprrzwQJWN,34v5MVKeQnIo0CWYMbbrPf,3yDIp0kaq9EFKe07X1X2rz","Give Me Your Love - Radio Edit","Give Me Your Love (feat. John Newman & Nile Rodgers) [Radio Edit]","Sigala,John Newman,Nile Rodgers",2016-04-08,209014,0,spotify:user:ieswim,2022-07-14T01:38:58Z,"dance pop,edm,pop dance,uk dance,disco",0.635,0.945,2,-2.298,1,0.036,0.00411,0.0000241,0.314,0.686,125.024,4
3o2ESAMet1zR1aASlzrIxO,"0FWzNDaEu9jdgcYTbcOa4F","Double Vision","Streets Of Gold","3OH!3",2010-06-25,190706,50,spotify:user:ieswim,2022-07-14T01:38:58Z,"dance pop,electropowerpop,pop punk,pop rap,post-teen pop",0.581,0.888,0,-3.198,1,0.0587,0.0018,0,0.413,0.629,120.041,4
3ZLyt2ndLFBh148XRYjYYZ,"1anyVhU62p31KFi8MEzkbf,5K4W6rqBFWDnAN6FQUkS6x,6e64nPdtxyICfh90RJukpg","All We Got (feat. Kanye West & Chicago Children's Choir)","Coloring Book","Chance the Rapper,Kanye West,Chicago Children's Choir",2016-05-27,203794,64,spotify:user:ieswim,2022-07-14T01:38:58Z,"chicago rap,conscious hip hop,hip hop,pop rap,rap,trap,american choir,children's choir",0.531,0.544,0,-8.615,0,0.462,0.308,0.00000189,0.0835,0.398,131.921,4
4lqEFIB9YZl8BwR99L5H3b,"47z7ZrgFoBvVpCnElCE3Zh,0YinUQ50QDB7ZxSCLyQ40k,7c0XG5cIJTrrAgEC3ULPiq,5LHRHt1k9lMyONurDHEdrp","In My Room (feat. Ty Dolla $ign & Tyga)","Blood For Mercy","Yellow Claw,Mustard,Ty Dolla $ign,Tyga",2015-11-20,168641,53,spotify:user:ieswim,2022-07-14T01:38:58Z,"dutch house,edm,electro house,pop dance,cali rap,pop rap,rap,southern hip hop,trap,hip hop,r&b,trap soul",0.745,0.869,6,-4.375,1,0.0444,0.00193,0,0.0799,0.814,104.015,4
4cG7HUWYHBV6R6tHn1gxrl,"7i9j813KFoSBMldGqlh2Z1,1gALaWbNDnwS2ECV09sn2A,4L2dV3zY7RmkeiNO035Fi0,3Edve4VIATi0OZngclQlkN","Friday (feat. Mufasa & Hypeman) - Dopamine Re-Edit","Friday (feat. Mufasa & Hypeman) [Dopamine Re-Edit]","Riton,Nightcrawlers,Mufasa & Hypeman,Dopamine",2021-01-15,169153,81,spotify:user:ieswim,2022-07-14T01:38:58Z,"house,pop dance,uk dance,disco house,hip house,vocal house",0.824,0.862,2,-3.424,1,0.126,0.0076,0.000132,0.303,0.801,122.98,4
4tcPIwy0UvLYjhXLrMyx89,"6F3vLfyutkUhpM50G84eMt","Pump It Up","Pump It Up","Endor",2020-03-12,150635,65,spotify:user:ieswim,2022-07-14T01:38:58Z,"deep groove house,scottish rock,uk dance",0.898,0.893,1,-7.255,1,0.225,0.207,0.0000933,0.061,0.653,129.047,4
24LS4lQShWyixJ0ZrJXfJ5,"7CajNmpbOovFoOoasH2HaY,0IROOdQ2fQUcoaEPqt1Isg","Sweet Nothing (feat. Florence Welch)","18 Months","Calvin Harris,Florence Welch",2012-10-29,212560,78,spotify:user:ieswim,2022-07-14T01:38:58Z,"dance pop,edm,electro house,house,pop,pop dance,progressive house,uk dance,uk pop",0.573,0.929,8,-3.942,0,0.109,0.197,0.000112,0.0567,0.582,127.934,4
3vv9phIu6Y1vX3jcqaGz5Z,"69GGBxA162lTqCwzJG5jLp,6jsjhAEteAlY0vCiLvMLBA","Roses","Roses","The Chainsmokers,ROZES",2015-06-16,226738,77,spotify:user:ieswim,2022-07-14T01:38:58Z,"pop,alt z,electropop,indie poptimism",0.713,0.802,4,-7.055,1,0.0561,0.0435,0.00377,0.309,0.343,100.001,4
2bJvI42r8EF3wxjOuDav4r,"0TnOYISbd1XYRBk9myaseg,21E3waRsmPlU7jZsS13rcj","Time of Our Lives","Globalization","Pitbull,Ne-Yo",2014-11-21,229360,85,spotify:user:ieswim,2022-07-14T01:38:58Z,"dance pop,miami hip hop,pop,r&b,urban contemporary",0.721,0.802,1,-5.797,1,0.0583,0.0921,0,0.694,0.724,124.022,4
4356Typ82hUiFAynbLYbPn,"23zg3TcAtWQy7J6upgbUnj,0TnOYISbd1XYRBk9myaseg","DJ Got Us Fallin' In Love (feat. Pitbull)","Raymond v Raymond (Expanded Edition)","USHER,Pitbull",2010-03-30,220800,86,spotify:user:ieswim,2022-07-14T01:38:58Z,"atl hip hop,contemporary r&b,dance pop,pop,r&b,rap,south carolina hip hop,urban contemporary,miami hip hop",0.663,0.861,7,-3.398,0,0.109,0.0338,0,0.082,0.654,119.963,4
3rfhI32Il2hVRKDkuGeeen,"0TnOYISbd1XYRBk9myaseg,3aQeKQSyrW4qWr35idm0cy","Hey Baby (Drop It to the Floor) (feat. T-Pain)","Planet Pit (Deluxe Version)","Pitbull,T-Pain",2011-06-17,234453,79,spotify:user:ieswim,2022-07-14T01:38:58Z,"dance pop,miami hip hop,pop,gangster rap,hip hop,pop rap,r&b,rap,southern hip hop,trap,urban contemporary",0.595,0.912,10,-3.428,0,0.0884,0.0434,0,0.259,0.762,128.024,4
2q95XoeFGixx8b5LNF6Ey1,"0TnOYISbd1XYRBk9myaseg,0jnsk9HBra6NMjO2oANoPY,2iUbk5KhZYZt4CRvWbwb7S","Greenlight (feat. Flo Rida & LunchMoney Lewis)","Greenlight (feat. Flo Rida & LunchMoney Lewis)","Pitbull,Flo Rida,LunchMoney Lewis",2016-07-22,244173,71,spotify:user:ieswim,2022-07-14T01:38:58Z,"dance pop,miami hip hop,pop,pop rap",0.695,0.837,1,-5.617,0,0.281,0.245,0,0.367,0.639,115.067,4
27NovPIUIRrOZoCHxABJwK,"7jVv8c5Fj3E9VhNjxT4snq,2LIk90788K0zvyj2JJVwkJ","INDUSTRY BABY (feat. Jack Harlow)","INDUSTRY BABY (feat. Jack Harlow)","Lil Nas X,Jack Harlow",2021-07-23,212000,81,spotify:user:ieswim,2022-07-14T01:38:58Z,"lgbtq+ hip hop,deep underground hip hop,kentucky hip hop,pop rap,rap",0.736,0.704,3,-7.409,0,0.0615,0.0203,0,0.0501,0.894,149.995,4
2y4lAQpi5VTNLu2ldeTdUH,"5YGY8feqx7naU7z4HrwZM6","We Can't Stop","Bangerz (Deluxe Version)","Miley Cyrus",2013-10-04,231240,81,spotify:user:ieswim,2022-07-14T01:38:58Z,"pop",0.613,0.622,1,-5.794,0,0.0334,0.00882,0,0.37,0.484,80.003,4
2VjrFvthQjw7BS8aS4VdZi,"62ejG7Vlm6nVGATCU4lTta","Rattlin' Bog","Pint of Ale","Carlyle Fraser",2013-01-01,327746,51,spotify:user:ieswim,2022-07-14T01:38:58Z,"",0.487,0.794,7,-6.367,1,0.0656,0.732,0,0.343,0.853,131.421,3
5jzX4dWVQeBTtfBaXnMRt5,"0FWzNDaEu9jdgcYTbcOa4F","DONTTRUSTME","WANT","3OH!3",2008-07-07,192573,75,spotify:user:ieswim,2022-07-14T01:38:58Z,"dance pop,electropowerpop,pop punk,pop rap,post-teen pop",0.791,0.713,5,-3.742,0,0.254,0.0163,0,0.189,0.514,130.012,4
6MtKObWYda2qnNIpJI21uD,"0fA0VVWsXO9YnASrzqfmYu,0SwO7SWeDHJijQ3XNS7xEE,57dN52uHvrHOxijzpIgu3E","Pursuit Of Happiness (Nightmare)","Man On The Moon: The End Of Day (Deluxe)","Kid Cudi,MGMT,Ratatat",2009-01-01,295293,73,spotify:user:ieswim,2022-07-14T01:38:58Z,"hip hop,ohio hip hop,pop rap,rap,alternative rock,indie rock,indietronica,modern rock,rock,brooklyn indie",0.63,0.605,0,-8.951,1,0.0414,0.484,0.0000929,0.298,0.266,115.277,4
39Yp9wwQiSRIDOvrVg7mbk,"2PaZWGu5T5nHjY2xxAkFsT,0Y5tJX1MQlPlqiwlOH1tJY,0fA0VVWsXO9YnASrzqfmYu","THE SCOTTS","THE SCOTTS","THE SCOTTS,Travis Scott,Kid Cudi",2020-04-24,165977,78,spotify:user:ieswim,2022-07-14T01:38:58Z,"hip hop,rap,slap house,ohio hip hop,pop rap",0.716,0.537,0,-7.648,0,0.0514,0.233,0,0.157,0.28,129.979,4
5OiLJ8tjUPFiPX2gVM8fxJ,"1yxSLGMDHlW21z4YXirZDS","Imma Be","THE E.N.D. (THE ENERGY NEVER DIES)","Black Eyed Peas",2009-01-01,257560,0,spotify:user:ieswim,2022-07-14T01:38:58Z,"dance pop,pop,pop rap",0.597,0.517,0,-6.963,1,0.365,0.179,0,0.307,0.412,92.035,4
3SnLc0bQjQeE3HgGdNfb8u,"6oMuImdp5ZcFhWP0ESe6mG","Hannah Montana","Young Rich N*ggas","Migos",2013-07-09,212712,48,spotify:user:ieswim,2022-07-14T01:38:58Z,"atl hip hop,hip hop,pop rap,rap,trap",0.902,0.743,0,-3.495,1,0.284,0.103,0.00000553,0.0956,0.626,135.951,4
0ZNrc4kNeQYD9koZ3KvCsy,"0A0FS04o6zMoto8OKPsDwY,17lzZA2AlOHwCwFALHttmp,0c173mlxpT3dSFRgMO8XPh,0hCNtLu0JehylgoiP8L4Gh","BIG BANK (feat. 2 Chainz, Big Sean, Nicki Minaj)","STAY DANGEROUS","YG,2 Chainz,Big Sean,Nicki Minaj",2018-08-03,237240,66,spotify:user:ieswim,2022-07-14T01:38:58Z,"cali rap,hip hop,pop rap,rap,southern hip hop,trap,atl hip hop,detroit hip hop,r&b,hip pop,pop,queens hip hop",0.745,0.346,1,-7.709,1,0.331,0.00552,0,0.0881,0.112,203.911,4
24Yi9hE78yPEbZ4kxyoXAI,"0H39MdGGX6dbnnQPt6NQkZ,5rGrDvrLOV2VV8SCFVGWlj","Roses - Imanbek Remix","Roses (Imanbek Remix)","SAINt JHN,Imanbek",2019-10-09,176840,81,spotify:user:ieswim,2022-07-14T01:38:58Z,"melodic rap,slap house,electro house,pop dance",0.77,0.724,8,-5.484,1,0.0495,0.0167,0.0107,0.353,0.898,121.975,4
3EikYy40GMSp8l5mDV6IQo,"2rhFzFmezpnW82MNqEKVry","Foot Fungus","STOKELEY","Ski Mask The Slump God",2018-11-30,129546,69,spotify:user:ieswim,2022-07-14T01:38:58Z,"hip hop,miami hip hop,pop rap,rap,trap,underground hip hop",0.881,0.623,1,-9.662,1,0.119,0.257,0.0000015,0.0964,0.745,88.953,4
74lnM5V6ecvoTPV0fvptx9,"2rhFzFmezpnW82MNqEKVry,4MCBfE4596Uoi2O4DtmEMz","Nuketown (feat. Juice WRLD)","STOKELEY","Ski Mask The Slump God,Juice WRLD",2018-11-30,166400,76,spotify:user:ieswim,2022-07-14T01:38:58Z,"hip hop,miami hip hop,pop rap,rap,trap,underground hip hop,chicago rap,melodic rap",0.808,0.617,10,-9.32,0,0.442,0.113,0,0.734,0.632,149.962,4
2BITQ360Knh6qNAOqR7Dyq,"6Xgp2XMz1fhVYe7i6yNAax,699OTQXzgjhIYAHMy9RyPD","Miss The Rage (feat. Playboi Carti)","Miss The Rage (feat. Playboi Carti)","Trippie Redd,Playboi Carti",2021-05-07,236883,31,spotify:user:ieswim,2022-07-14T01:38:58Z,"melodic rap,rap,trap,atl hip hop,plugg,pluggnb,rage rap",0.584,0.859,8,-5.616,1,0.121,0.0144,0,0.847,0.369,77.005,4
4Kz4RdRCceaA9VgTqBhBfa,"3TVXtAsR1Inumwj472S9r4,55Aa2cqylxrFIXC767Z865","The Motto","Take Care (Deluxe)","Drake,Lil Wayne",2011-11-15,181573,79,spotify:user:ieswim,2022-07-14T01:38:58Z,"canadian hip hop,canadian pop,hip hop,pop rap,rap,new orleans rap,trap",0.766,0.442,1,-8.558,1,0.356,0.000107,0.0000612,0.111,0.39,201.8,4
1VCHNbal0VtE2plMRzvoho,"7wg1qvie3KqDNQbAkTdbX0,1VBflYyxBhnDc9uVib98rw","Weekend","Weekend","Louis The Child,Icona Pop",2016-07-01,175058,56,spotify:user:ieswim,2022-07-14T01:38:58Z,"edm,electropop,indie poptimism,candy pop,dance pop,metropopolis,swedish electropop,swedish synthpop",0.684,0.774,7,-5.951,1,0.188,0.26,0,0.108,0.448,84.991,4
4dTaAiV9xFFCxnPur9c9yL,"1Cs0zKBU1kc0i8ypK3B9ai,0fA0VVWsXO9YnASrzqfmYu","Memories (feat. Kid Cudi)","One Love (Deluxe)","David Guetta,Kid Cudi",2009-08-21,210093,71,spotify:user:ieswim,2022-07-14T01:38:58Z,"big room,dance pop,edm,pop,pop dance,hip hop,ohio hip hop,pop rap,rap",0.561,0.87,8,-6.103,1,0.343,0.0015,0.00000282,0.246,0.498,129.98,4
7MmG8p0F9N3C4AXdK6o6Eb,"7CajNmpbOovFoOoasH2HaY,0X2BH1fck6amBIoJhDVmmJ","Outside (feat. Ellie Goulding)","Motion","Calvin Harris,Ellie Goulding",2014-10-31,227266,86,spotify:user:ieswim,2022-07-14T01:38:58Z,"dance pop,edm,electro house,house,pop,pop dance,progressive house,uk dance,indietronica,metropopolis,uk pop",0.646,0.823,2,-4.123,0,0.0394,0.213,0,0.322,0.418,128.035,4
3W2ZcrRsInZbjWylOi6KhZ,"6nS5roXSAGhTGr34W6n7Et,14L5rpGTLVUz1pD8fUeJB1,6nxWCVXbOlEVRexSbLsTer","You & Me - Flume Remix","Settle (Special Edition)","Disclosure,Eliza Doolittle,Flume",2013-06-03,282812,75,spotify:user:ieswim,2022-07-14T01:39:39Z,"edm,house,indietronica,uk dance,lilith,australian dance,australian electropop,australian indie,downtempo",0.593,0.392,10,-6.872,0,0.0257,0.382,0.000114,0.131,0.25,75.065,4
2Yer0p7uB2lVBUAtANuuQp,"5UjifI1TYefXWn9GdqDOHl,6icQOAFXDZKsumw3YXyusw","Magic In The Hamptons (feat. Lil Yachty)","Magic In The Hamptons (feat. Lil Yachty)","Social House,Lil Yachty",2018-06-08,164640,75,spotify:user:ieswim,2022-07-14T01:39:39Z,"atl hip hop,melodic rap,rap,trap",0.769,0.479,1,-5.339,1,0.0385,0.66,0,0.0914,0.803,96.051,4
5fwSHlTEWpluwOM0Sxnh5k,"329e4yvIujISKGKz1BZZbO","Pepas","Pepas","Farruko",2021-06-24,287120,83,spotify:user:ieswim,2022-07-14T01:39:39Z,"reggaeton,trap latino,urbano latino",0.762,0.766,7,-3.955,1,0.0343,0.00776,0.0000698,0.128,0.442,130.001,4
49ou9vBZLTCi4TYoYzR3F9,"1BQaZSq1KsLOZGzjG5QxRC,73O5T44Ui5WqxtW6S5JENA","Calabria 2007 (feat. Natasja) - Radio Edit","Calabria 2007 (feat. Natasja)","Enur,Natasja",2007,233480,65,spotify:user:ieswim,2022-07-14T01:39:39Z,"reggae fusion,danish hip hop,danish pop",0.888,0.556,7,-8.38,1,0.186,0.00758,0.0584,0.0553,0.45,126.008,4
7wfUFY3X5YTjZQYzqEyHYy,"5ndkK3dpZLKtBklKjxNQwT,17lzZA2AlOHwCwFALHttmp,6ly2Z6h9dOerORbK1l2N8D","HeadBand (feat. 2 Chainz) - Coucheron Remix","HeadBand (feat. 2 Chainz) [Coucheron Remix]","B.o.B,2 Chainz,Coucheron",2014-01-07,235384,50,spotify:user:ieswim,2022-07-14T01:39:39Z,"atl hip hop,dance pop,pop rap,rap,southern hip hop,hip hop,trap,nordic house",0.752,0.635,1,-9.528,0,0.106,0.0563,0,0.118,0.639,104.033,4
1gihuPhrLraKYrJMAEONyc,"7CajNmpbOovFoOoasH2HaY","Feel So Close - Radio Edit","18 Months","Calvin Harris",2012-10-29,206413,85,spotify:user:ieswim,2022-07-14T01:39:39Z,"dance pop,edm,electro house,house,pop,pop dance,progressive house,uk dance",0.707,0.924,7,-2.842,1,0.031,0.000972,0.00703,0.204,0.919,127.937,4
5oMkgWZqmKjaJHrsXcsZZy,"4LLpKhyESsyAXpc4laK94U","Donald Trump","Best Day Ever (5th Anniversary Remastered Edition)","Mac Miller",2016-06-03,164522,2,spotify:user:ieswim,2022-07-14T01:39:39Z,"hip hop,pittsburgh rap,rap",0.716,0.936,1,-4.968,0,0.123,0.0318,0,0.367,0.799,81.508,4
0DCu6lwtdiVjMixpQJcGG3,"4LLpKhyESsyAXpc4laK94U","Knock Knock","K.I.D.S.","Mac Miller",2010-08-13,197929,1,spotify:user:ieswim,2022-07-14T01:39:39Z,"hip hop,pittsburgh rap,rap",0.682,0.934,4,-2.526,0,0.129,0.107,0,0.749,0.487,109.032,4
16EMONl2vH3rt9f4ehTG8g,"7gRhy3MIPHQo5CXYfWaw9I,4vUAD0POkGvO6J9c9hv6qR","212","Broke with Expensive Taste","Azealia Banks,Lazy Jay",2014-11-07,204956,11,spotify:user:ieswim,2022-07-14T01:39:39Z,"escape room,hip house,lgbtq+ hip hop,trap queen,belgian edm",0.846,0.772,11,-5.735,0,0.259,0.0123,0.000106,0.0769,0.622,125.998,4
5c2WAYJ0mIVwzySr0HhiS8,"76SlrtEaq2oViRXulxjfuM","Budget","Audacious","cupcakKe",2016-11-12,177658,24,spotify:user:ieswim,2022-07-14T01:39:39Z,"chicago rap,trap queen",0.801,0.743,11,-5.071,0,0.321,0.117,0,0.103,0.385,108.257,4
4Q34FP1AT7GEl9oLgNtiWj,"1URnnhqYAYcrqrcwql10ft,0iEtIxbK0KxaSlF7G42ZOp,3TVXtAsR1Inumwj472S9r4","Mr. Right Now (feat. Drake)","SAVAGE MODE II","21 Savage,Metro Boomin,Drake",2020-10-02,193838,75,spotify:user:ieswim,2022-07-14T01:39:39Z,"atl hip hop,hip hop,rap,canadian hip hop,canadian pop,pop rap",0.647,0.667,5,-5.563,1,0.304,0.231,0,0.133,0.704,172.08,4
6DoGtGyDgv5mVxeCpP92tX,"181bsRPaVXVlUKXrxwZfHK","Kitty Kat","Something for Thee Hotties","Megan Thee Stallion",2021-10-29,125030,71,spotify:user:ieswim,2022-07-14T01:39:39Z,"houston rap,pop,r&b,rap,trap queen",0.983,0.86,9,-3.583,1,0.0829,0.0131,0,0.0859,0.88,126.039,4
0WCiI0ddWiu5F2kSHgfw5S,"6LqNN22kT3074XbTVUrhzX","Take It Off","Animal (Expanded Edition)","Kesha",2010-01-01,215200,72,spotify:user:ieswim,2022-07-14T01:39:39Z,"dance pop,pop",0.729,0.675,5,-5.292,0,0.0286,0.0000414,0.00126,0.0867,0.74,125.036,4
7mFj0LlWtEJaEigguaWqYh,"181bsRPaVXVlUKXrxwZfHK,6M2wZ9GZgrQXHCFfjv46we","Sweetest Pie","Sweetest Pie","Megan Thee Stallion,Dua Lipa",2022-03-11,201334,74,spotify:user:ieswim,2022-07-14T01:39:39Z,"houston rap,pop,r&b,rap,trap queen,dance pop,uk pop",0.814,0.628,7,-7.178,1,0.221,0.167,0,0.101,0.677,123.977,4
4aarlAfLKVCTxUDNgbwhjH,"181bsRPaVXVlUKXrxwZfHK,4r63FhuTkUYltbVAg5TQnk","Cry Baby (feat. DaBaby)","Good News","Megan Thee Stallion,DaBaby",2020-11-20,137983,69,spotify:user:ieswim,2022-07-14T01:39:39Z,"houston rap,pop,r&b,rap,trap queen,hip hop,north carolina hip hop,pop rap,trap",0.957,0.437,11,-7.882,1,0.359,0.00402,0,0.219,0.616,130.058,4
4EivmOT13NMpNSfTKn9p4s,"5cj0lLjcoR7YOSnhnX0Po5,13y7CgLHjMVRMDqxdx0Xdo","Like That (feat. Gucci Mane)","Hot Pink","Doja Cat,Gucci Mane",2019-11-07,163173,77,spotify:user:ieswim,2022-07-14T01:39:39Z,"dance pop,pop,atl hip hop,dirty south rap,hip hop,pop rap,rap,southern hip hop,trap",0.879,0.498,4,-6.027,0,0.18,0.239,0,0.0967,0.405,106.044,4
0k4d5YPDr1r7FX77VdqWez,"5cj0lLjcoR7YOSnhnX0Po5,1Xyo4u8uXC1ZmMpatF05PJ","You Right","Planet Her","Doja Cat,The Weeknd",2021-06-25,186173,82,spotify:user:ieswim,2022-07-14T01:39:39Z,"dance pop,pop,canadian contemporary r&b,canadian pop",0.828,0.621,8,-6.414,1,0.0565,0.0164,0.00233,0.0845,0.436,128.986,4
6n2GPvMJtFZ4ckoc9EWHMx,"5YGY8feqx7naU7z4HrwZM6","Do My Thang","Bangerz (Deluxe Version)","Miley Cyrus",2013-10-04,225493,56,spotify:user:ieswim,2022-07-14T01:39:39Z,"pop",0.76,0.575,6,-4.06,1,0.0444,0.282,0.000383,0.0993,0.314,131.983,4
5ecZWU5uQOiCVSnPxBZNmT,"5YGY8feqx7naU7z4HrwZM6","7 Things - Single Version","Breakout","Miley Cyrus",2008-01-01,213453,66,spotify:user:ieswim,2022-07-14T01:39:39Z,"pop",0.59,0.903,1,-4.478,0,0.0363,0.0232,0,0.0786,0.542,107.023,4
1AWQoqb9bSvzTjaLralEkT,"31TPClRtHm23RisEBtV3X7","Rock Your Body","Justified","Justin Timberlake",2002-11-04,267266,83,spotify:user:ieswim,2022-07-14T01:39:39Z,"dance pop,pop",0.892,0.714,4,-6.055,0,0.141,0.201,0.000234,0.0521,0.817,100.972,4
5hlWtrnVUyAze5WkxF9P56,"5pKCCKE2ajJHZ9KAiaK11H","Rude Boy","Rated R","Rihanna",2009-11-20,222920,0,spotify:user:ieswim,2022-07-14T01:39:39Z,"barbadian pop,pop,urban contemporary",0.563,0.75,11,-4.496,1,0.127,0.113,0,0.0788,0.812,173.906,4
66ZcOcouenzZEnzTJvoFmH,"4yiQZ8tQPux8cPriYMWUFP,0z4gvV4rjIZ9wHck67ucSV","The Sweet Escape","The Sweet Escape","Gwen Stefani,Akon",2006-01-01,246466,77,spotify:user:ieswim,2022-07-14T01:39:44Z,"dance pop,pop",0.756,0.77,1,-3.502,1,0.0343,0.191,0,0.178,0.73,119.961,4
3w1WjD2zJqjBjDz5fwqQPJ,"2LIk90788K0zvyj2JJVwkJ","Tyler Herro","Thats What They All Say","Jack Harlow",2020-12-11,156578,79,spotify:user:ieswim,2022-07-14T01:39:47Z,"deep underground hip hop,kentucky hip hop,pop rap,rap",0.792,0.793,5,-6.185,0,0.0841,0.0872,0,0.22,0.775,123.031,4
38VErEiTizjEE6BjsmroFx,"6KZDXtSj0SzGOV705nNeh3,23zg3TcAtWQy7J6upgbUnj,0NIIxcxNHmOoyBx03SfTCD","Body Language","Body Language","Kid Ink,USHER,Tinashe",2014-09-09,207783,0,spotify:user:ieswim,2022-07-14T01:39:57Z,"pop rap,rap,southern hip hop,trap,atl hip hop,contemporary r&b,dance pop,pop,r&b,south carolina hip hop,urban contemporary,alternative r&b,metropopolis",0.886,0.529,5,-5.766,0,0.0383,0.0175,0,0.0997,0.262,99.023,4
0Dc7J9VPV4eOInoxUiZrsL,"3KV3p5EY4AvKxOlhGHORLg,0A0FS04o6zMoto8OKPsDwY","Don't Tell 'Em","Late Nights: The Album","Jeremih,YG",2015-12-04,266840,77,spotify:user:ieswim,2022-07-14T01:39:57Z,"chicago rap,pop rap,r&b,southern hip hop,trap,urban contemporary,cali rap,hip hop,rap",0.856,0.527,2,-5.225,1,0.0997,0.392,0,0.11,0.386,98.052,4
5h9dlUlCGZahkuaC3MShz3,"3MdXrJWsbVzdn6fe5JYkSQ","It's Givin","777","Latto",2022-03-25,153000,55,spotify:user:ieswim,2022-07-14T01:39:57Z,"trap queen",0.865,0.614,8,-6.782,1,0.278,0.0259,0,0.434,0.642,160.032,4
231WYcXWUxYSx79tuPtzBk,"3MdXrJWsbVzdn6fe5JYkSQ,13y7CgLHjMVRMDqxdx0Xdo","Muwop (feat. Gucci Mane)","Queen of Da Souf","Latto,Gucci Mane",2020-08-21,200135,48,spotify:user:ieswim,2022-07-14T01:39:57Z,"trap queen,atl hip hop,dirty south rap,hip hop,pop rap,rap,southern hip hop,trap",0.79,0.614,9,-6.958,0,0.0991,0.0606,0,0.239,0.63,145.907,4
7ySc8EB354qhPQKmOw4td0,"3MdXrJWsbVzdn6fe5JYkSQ","On God","Queen of Da Souf","Latto",2020-08-21,113237,45,spotify:user:ieswim,2022-07-14T01:39:57Z,"trap queen",0.905,0.528,1,-5.116,1,0.0721,0.351,0,0.149,0.179,105.99,4
0OHjjudOY8MZ5AxfrzYJMH,"3MdXrJWsbVzdn6fe5JYkSQ,37hAfseJWi0G3Scife12Il","In n Out (feat. City Girls)","Queen of Da Souf","Latto,City Girls",2020-08-21,194526,43,spotify:user:ieswim,2022-07-14T01:39:57Z,"trap queen,scam rap",0.898,0.748,6,-6.137,1,0.275,0.511,0,0.171,0.661,94.997,4
2zUbimuKNWDMCwbqNauLWV,"3MdXrJWsbVzdn6fe5JYkSQ,4PrinKSrmILmo0kERG0Ogn,6cK3NBO6uP7hh0oyuVELFl","B*tch From Da Souf (Remix)","B*tch From Da Souf (Remix)","Latto,Trina,Saweetie",2019-12-04,224119,53,spotify:user:ieswim,2022-07-14T01:39:57Z,"trap queen,contemporary r&b,dirty south rap,hip pop,miami hip hop,r&b,rap latina,cali rap",0.834,0.531,1,-5.708,1,0.36,0.0662,0,0.136,0.415,150.126,4
5uQOauh47VFt3B2kV9kRXw,"31W5EY0aAly4Qieq6OFu6I","My Shit","Artist","A Boogie Wit da Hoodie",2016-09-16,128156,81,spotify:user:ieswim,2022-07-14T01:39:57Z,"melodic rap,rap,trap",0.812,0.621,5,-8.3,1,0.0515,0.244,0,0.099,0.847,77.998,4
1D066zixBwqFYqBhKgdPzp,"3r17AfJCCUqC9Lf0OAc73G,085pc2PYOi8bGKj0PNjekA","Fergalicious","The Dutchess","Fergie,will.i.am",2006-09-13,292373,72,spotify:user:ieswim,2022-07-14T01:39:57Z,"dance pop,pop",0.906,0.583,8,-7.721,0,0.317,0.0569,0,0.126,0.829,129.056,4
4hanO6Du5J7QEguNHYZHmw,"3Fl1V19tmjt57oBdxXKAjJ,1pPmIToKXyGdsCF6LmqLmI","Daddy (feat. Rich The Kid)","Dirt Bag","Blueface,Rich The Kid",2019-08-09,151146,61,spotify:user:ieswim,2022-07-14T01:39:57Z,"cali rap,rap,atl hip hop,melodic rap,plugg,trap",0.869,0.59,11,-8.214,1,0.257,0.07,0,0.236,0.479,107.934,4
2UVbBKQOdFAekPTRsnkzcf,"6oMuImdp5ZcFhWP0ESe6mG","Stir Fry","Culture II","Migos",2018-01-26,190288,79,spotify:user:ieswim,2022-07-14T01:39:57Z,"atl hip hop,hip hop,pop rap,rap,trap",0.817,0.816,2,-5.402,1,0.269,0.00263,0,0.159,0.508,181.982,4
76Y0gxtTxN0FyDCYh5qYQj,"6oMuImdp5ZcFhWP0ESe6mG","Get Right Witcha","Culture","Migos",2017-04-07,257545,0,spotify:user:ieswim,2022-07-14T01:39:57Z,"atl hip hop,hip hop,pop rap,rap,trap",0.95,0.743,10,-5.861,0,0.238,0.0646,0.0000111,0.103,0.619,136.983,4
4PpuH4mxL0rD35mOWaLoKS,"5wPoxI5si3eJsYYwyXV4Wi,5pKCCKE2ajJHZ9KAiaK11H,2RdwBSPQiwcmiDo9kixcl8","Lemon","NO ONE EVER REALLY DIES","N.E.R.D,Rihanna,Pharrell Williams",2017-12-15,219706,62,spotify:user:ieswim,2022-07-14T01:40:12Z,"hip hop,virginia hip hop,barbadian pop,pop,urban contemporary,dance pop",0.916,0.727,1,-6.556,1,0.0861,0.00214,0.000145,0.118,0.201,94.997,4
10I3CmmwT0BkOVhduDy53o,"1gPhS1zisyXr5dHTYZyiMe","Really Really","Islah (Deluxe)","Kevin Gates",2016-01-29,232093,72,spotify:user:ieswim,2022-07-14T01:40:12Z,"baton rouge rap,rap,southern hip hop,trap",0.762,0.666,0,-6.055,1,0.0916,0.00427,0,0.127,0.278,118.97,4
2UzQdfooGVIeGjqcUMOBWY,"5M0lbkGluOPXLeFjApw8r8","Cash Machine","Big Baby DRAM","DRAM",2016-10-21,181154,46,spotify:user:ieswim,2022-07-14T01:40:12Z,"pop rap,trap,underground hip hop,viral trap,virginia hip hop",0.745,0.669,9,-3.613,1,0.129,0.522,0,0.154,0.699,143.164,4
2XaInsPPUkZRkY4uFJ3AHK,"13y7CgLHjMVRMDqxdx0Xdo,4DdkRBBYG6Yk9Ka8tdJ9BW","Met Gala (feat. Offset)","Droptopwop","Gucci Mane,Offset",2017-05-26,209142,60,spotify:user:ieswim,2022-07-14T01:40:12Z,"atl hip hop,dirty south rap,hip hop,pop rap,rap,southern hip hop,trap",0.817,0.587,2,-6.502,1,0.108,0.052,0.00165,0.185,0.352,140.062,4
67G6iaOw8DZqp1z8STR89R,"6veh5zbFpm31XsPdjBgPER,0hCNtLu0JehylgoiP8L4Gh","WHOLE LOTTA MONEY (feat. Nicki Minaj) - Remix","WHOLE LOTTA MONEY (feat. Nicki Minaj) [Remix]","BIA,Nicki Minaj",2021-07-09,229601,65,spotify:user:ieswim,2022-07-14T01:40:12Z,"rap latina,trap queen,hip pop,pop,queens hip hop,rap",0.893,0.463,1,-5.301,1,0.36,0.199,0,0.318,0.591,81.026,4
0hkR93a0LriV2CQUhSXw3h,"3XcCT5MPlQPWFTJyzXbfuX,6f4XkbvYlXMH0QgVRzW0sM","Lights Down Low (feat. Waka Flocka Flame)","Lights Down Low (feat. Waka Flocka Flame)","Maejor,Waka Flocka Flame",2012-03-23,186120,73,spotify:user:ieswim,2022-07-14T01:40:12Z,"detroit hip hop,atl hip hop,dirty south rap,pop rap,rap,southern hip hop,trap",0.716,0.858,7,-3.468,0,0.0422,0.0688,0.00000287,0.0801,0.67,155.41,4
4MRT0dDbhqFKl67WzhUbSw,"0hCNtLu0JehylgoiP8L4Gh,3TVXtAsR1Inumwj472S9r4,55Aa2cqylxrFIXC767Z865,7bXgB6jMjp9ATFy66eO08Z","Only","The Pinkprint (Deluxe)","Nicki Minaj,Drake,Lil Wayne,Chris Brown",2014-12-15,312026,73,spotify:user:ieswim,2022-07-14T01:40:12Z,"hip pop,pop,queens hip hop,rap,canadian hip hop,canadian pop,hip hop,pop rap,new orleans rap,trap,r&b",0.573,0.495,8,-7.245,0,0.592,0.405,0,0.0969,0.255,179.196,3
0z5ZPs57J2KERwM1tBM2GF,"55Aa2cqylxrFIXC767Z865,7BAaznGSsqcksud4R5ou5z","6 Foot 7 Foot","Tha Carter IV (Deluxe)","Lil Wayne,Cory Gunz",2011-01-01,248586,1,spotify:user:ieswim,2022-07-14T01:40:12Z,"hip hop,new orleans rap,pop rap,rap,trap,nyc rap",0.365,0.751,2,-5.429,1,0.304,0.000707,0,0.318,0.604,79.119,4
7jRoWfRlLnGYEIEn4t4kbq,"3r17AfJCCUqC9Lf0OAc73G","London Bridge","The Dutchess","Fergie",2006-09-13,241306,68,spotify:user:ieswim,2022-07-14T01:40:12Z,"dance pop,pop",0.77,0.609,1,-5.894,1,0.345,0.214,0,0.166,0.631,90.952,4
57BGVV6wcyhbn3hsjlqEZB,"0eDvMgVFoNV3TpwtrVCoTj","Element","Meet The Woo 2","Pop Smoke",2020-02-07,135746,79,spotify:user:ieswim,2022-07-14T01:40:12Z,"brooklyn drill,rap",0.772,0.878,2,-4.22,1,0.324,0.0301,0.00000218,0.251,0.305,61.311,5
1IYaMVfidzSfvCUZYXhsU1,"3v3clM1KQgVfpPjKJFPAmx","Party Like A Rock Star","Rockstar Mentality","SHOP BOYZ",2007-01-01,253400,65,spotify:user:ieswim,2022-07-14T01:40:12Z,"atl hip hop,dirty south rap,futuristic swag",0.619,0.709,7,-4.633,1,0.0395,0.00541,0,0.507,0.68,144.972,4
3wKKkGVn7cVSfgPeYYIiXG,"7bXgB6jMjp9ATFy66eO08Z,3aQeKQSyrW4qWr35idm0cy","Kiss Kiss (feat. T-Pain)","Exclusive (Expanded Edition)","Chris Brown,T-Pain",2007-11-06,250666,75,spotify:user:ieswim,2022-07-14T01:40:12Z,"r&b,rap,dance pop,gangster rap,hip hop,pop rap,southern hip hop,trap,urban contemporary",0.729,0.658,10,-3.386,0,0.225,0.0506,0,0.0693,0.551,140.043,3
7Bpx2vsWfQFBACRz4h3IqH,"5SXuuuRpukkTvsLuUknva1,2YZyLoL8N0Wb9xBt1NhZWg","family ties (with Kendrick Lamar)","family ties (with Kendrick Lamar)","Baby Keem,Kendrick Lamar",2021-08-27,252069,75,spotify:user:ieswim,2022-07-14T01:40:12Z,"hip hop,rap,conscious hip hop,west coast rap",0.711,0.611,1,-5.453,1,0.329,0.00575,0,0.231,0.144,134.14,4
6bxUnsSGZCmoHHU5auwtps,"0c173mlxpT3dSFRgMO8XPh,55Aa2cqylxrFIXC767Z865,5ZS223C6JyBfXasXxrRqOk","Beware","Hall Of Fame (Deluxe)","Big Sean,Lil Wayne,Jhené Aiko",2013-01-01,235186,73,spotify:user:ieswim,2022-07-14T01:40:12Z,"detroit hip hop,hip hop,pop rap,r&b,rap,southern hip hop,trap,new orleans rap",0.7,0.554,1,-5.909,1,0.187,0.219,0.00000136,0.419,0.0633,97.127,4
0UTyLmkQgPOEIz95OVAJTR,"5SXuuuRpukkTvsLuUknva1,2YZyLoL8N0Wb9xBt1NhZWg","range brothers (with Kendrick Lamar)","The Melodic Blue","Baby Keem,Kendrick Lamar",2021-09-10,316733,63,spotify:user:ieswim,2022-07-14T01:40:12Z,"hip hop,rap,conscious hip hop,west coast rap",0.667,0.582,11,-5.791,0,0.267,0.00466,0,0.124,0.141,121.972,4
5FkoSXiJPKTNyYgALRJFhD,"5SXuuuRpukkTvsLuUknva1","ORANGE SODA","DIE FOR MY BITCH","Baby Keem",2019-07-19,129882,84,spotify:user:ieswim,2022-07-14T01:40:12Z,"hip hop,rap",0.83,0.564,1,-7.822,1,0.235,0.177,0,0.128,0.107,85.042,4
4TxgwAknt25blK6L6W2akh,"74dMZMvy8P27oPqnprnvBb","Fuck Her Brains Out","Cursed With a Blessing","Montana of 300",2014-12-01,302376,0,spotify:user:ieswim,2022-07-14T01:40:12Z,"chicago drill,chicago rap,drill,trap",0.741,0.861,6,-3.543,1,0.0309,0.104,0,0.281,0.889,115.005,4
6o7B2EWcABN6u7UsaxGOok,"5fexXJcpj8yS9bkp3rD1ZF,1zdpVBS95lMChTcGkGHtku","All Mine","All Mine","Durte Dom,The Image",2020-06-11,181023,25,spotify:user:ieswim,2022-07-14T01:40:12Z,"",0.74,0.456,8,-7.874,1,0.062,0.722,0.00000265,0.128,0.63,124.995,4
5EPQXIxxry2D99lq31Hdu7,"13y7CgLHjMVRMDqxdx0Xdo,6f4XkbvYlXMH0QgVRzW0sM","15th and the 1st (feat. YG Hootie)","Ferrari Boyz (Deluxe)","Gucci Mane,Waka Flocka Flame",2011-08-05,233373,53,spotify:user:ieswim,2022-07-14T01:40:12Z,"atl hip hop,dirty south rap,hip hop,pop rap,rap,southern hip hop,trap",0.83,0.672,11,-4.199,1,0.333,0.0362,0,0.106,0.406,140.081,4
4apiNNK0jp9uqn3JDG9My1,"6Xgp2XMz1fhVYe7i6yNAax,0Y5tJX1MQlPlqiwlOH1tJY","Dark Knight Dummo","LIFE'S A TRIP","Trippie Redd,Travis Scott",2018-08-10,256161,42,spotify:user:ieswim,2022-07-14T01:40:12Z,"melodic rap,rap,trap,hip hop,slap house",0.28,0.821,8,-2.864,0,0.111,0.167,0,0.139,0.254,181.444,3
0uxSUdBrJy9Un0EYoBowng,"4O15NlyKLIASxsJ0PrXPfz","20 Min","Luv Is Rage 2 (Deluxe)","Lil Uzi Vert",2017-11-17,220586,85,spotify:user:ieswim,2022-07-14T01:40:12Z,"hip hop,melodic rap,philly rap,rage rap,rap",0.773,0.75,8,-4.009,0,0.117,0.109,0,0.174,0.783,123.426,4
7HbnX1fxCAoPa7nRVFSEFW,"3tJoFztHeIJkJWMrx0td2f,37hAfseJWi0G3Scife12Il,4r63FhuTkUYltbVAg5TQnk","Said Sum (feat. City Girls & DaBaby) - Remix","Said Sum (feat. City Girls & DaBaby) [Remix]","Moneybagg Yo,City Girls,DaBaby",2020-09-17,177704,57,spotify:user:ieswim,2022-07-14T01:40:12Z,"memphis hip hop,rap,southern hip hop,tennessee hip hop,trap,scam rap,trap queen,hip hop,north carolina hip hop,pop rap",0.913,0.625,10,-6.901,0,0.334,0.0168,0,0.125,0.298,126.915,4
7zoZd2MuTaQEdF1rlq6Vv1,"08PvCOlef4xdOr20jFSTPd","Like That Bitch","Ho, why is you here ?","Flo Milli",2020-07-24,203043,48,spotify:user:ieswim,2022-07-14T01:40:12Z,"viral rap",0.782,0.844,10,-4.142,0,0.23,0.107,0.00000112,0.295,0.76,77.435,4
2le8xbpMJ1aA0SpJZRMbRw,"08PvCOlef4xdOr20jFSTPd","Not Friendly","Ho, why is you here ?","Flo Milli",2020-07-24,234991,52,spotify:user:ieswim,2022-07-14T01:40:12Z,"viral rap",0.878,0.793,1,-4.744,1,0.188,0.0539,0,0.0934,0.656,139.99,4
3jRHehB5ulTMKfK5WaqDqc,"181bsRPaVXVlUKXrxwZfHK","What’s New","Good News","Megan Thee Stallion",2020-11-20,155090,65,spotify:user:ieswim,2022-07-14T01:40:12Z,"houston rap,pop,r&b,rap,trap queen",0.934,0.873,1,-4.707,1,0.309,0.00488,0,0.0832,0.721,139.997,4
5zNW5ARjYhJQJz1AChP33n,"181bsRPaVXVlUKXrxwZfHK","Thot Shit","Thot Shit","Megan Thee Stallion",2021-06-11,184634,70,spotify:user:ieswim,2022-07-14T01:40:12Z,"houston rap,pop,r&b,rap,trap queen",0.95,0.693,9,-3.424,1,0.0898,0.0133,0,0.173,0.891,130.02,4
1TZv3bujNaYz646eezRE91,"0hCNtLu0JehylgoiP8L4Gh,3TVXtAsR1Inumwj472S9r4,55Aa2cqylxrFIXC767Z865","Seeing Green (with Drake & Lil Wayne)","Beam Me Up Scotty","Nicki Minaj,Drake,Lil Wayne",2021-05-14,339506,64,spotify:user:ieswim,2022-07-14T01:40:12Z,"hip pop,pop,queens hip hop,rap,canadian hip hop,canadian pop,hip hop,pop rap,new orleans rap,trap",0.573,0.867,5,-2.876,0,0.168,0.0853,0,0.38,0.231,74.861,4
1uNePI826aqh9uC9pgbeHU,"5cj0lLjcoR7YOSnhnX0Po5,2OaHYHb2XcFPvqL3VsyPzU","Tia Tamera (feat. Rico Nasty)","Amala (Deluxe Version)","Doja Cat,Rico Nasty",2019-03-01,211013,75,spotify:user:ieswim,2022-07-14T01:40:12Z,"dance pop,pop,alternative r&b,trap queen",0.822,0.654,0,-4.623,1,0.132,0.019,0,0.233,0.421,119.884,4
73a3q3FYKM4dPemgvD03wD,"2SXhbucehn00OBVKhzxDyM,1nsdnHv49z0H5oPj3sJ3to,5L8p9kDnX2cgoI8VLUL2p4","Toot That (feat. DreamDoll & BeatKing)","Diary of The Flow Queen","Erica Banks,DreamDoll,BeatKing",2022-06-17,211029,43,spotify:user:ieswim,2022-07-14T01:40:12Z,"trap queen,houston rap",0.949,0.642,9,-4.163,1,0.232,0.00126,0,0.166,0.848,142.003,4
4ycLiPVzE5KamivXrAzGFG,"5nLYd9ST4Cnwy6NHaCxbj8","Fuck You","The Lady Killer","CeeLo Green",2010-11-09,222933,70,spotify:user:ieswim,2022-07-14T01:40:12Z,"atl hip hop",0.69,0.834,0,-5.79,1,0.0566,0.129,0,0.136,0.738,127.43,4
2hdy9Wt9qp7M7d0U3ossu2,"26dSoYclwsYLMAKD3tpOr4","If U Seek Amy","Circus (Deluxe Version)","Britney Spears",2008-12-02,216520,75,spotify:user:ieswim,2022-07-14T01:40:12Z,"dance pop,pop",0.717,0.587,4,-7.296,0,0.0339,0.0192,0,0.0523,0.544,129.954,4
0KqpOdVQoDfeELTKYc97cO,"0TnOYISbd1XYRBk9myaseg,2cy1zPcrFcXAJTP0APWewL","Piensas (Dile la Verdad) (feat. Gente de Zona)","Dale","Pitbull,Gente De Zona",2015-07-17,226640,0,spotify:user:ieswim,2022-07-14T01:56:50Z,"dance pop,miami hip hop,pop,cubaton,electro latino,latin hip hop,latin pop,reparto",0.523,0.941,9,-4.484,0,0.0679,0.00271,0,0.108,0.591,107.111,4
2TZ56GgGdZFNwn7SRorZyx,"7qG3b048QCHVRO5Pv1T5lw,0TnOYISbd1XYRBk9myaseg","I'm A Freak","I'm A Freak","Enrique Iglesias,Pitbull",2013-01-01,218693,0,spotify:user:ieswim,2022-07-14T01:57:20Z,"dance pop,latin pop,mexican pop,miami hip hop,pop",0.706,0.814,0,-3.253,1,0.0614,0.0422,0,0.134,0.774,127.959,4
7snK1sf3ZHxahCYpFy1aJ8,"0TnOYISbd1XYRBk9myaseg,7sfl4Xt5KmfyDs2T3SVSMK,44PA0rCQXikgOWbfY7Fq7m","Bojangles (Remix)","El Mariel","Pitbull,Lil Jon,Ying Yang Twins",2006-10-31,269640,48,spotify:user:ieswim,2022-07-14T01:57:45Z,"dance pop,miami hip hop,pop,atl hip hop,crunk,dirty south rap,old school atlanta hip hop,pop rap,southern hip hop,trap",0.794,0.695,1,-6.692,1,0.15,0.00355,0,0.0883,0.364,108.071,4
4nVyHATevhl5RC6Qmoko5H,"7qG3b048QCHVRO5Pv1T5lw,0TnOYISbd1XYRBk9myaseg","I Like It","Euphoria (Standard US/Latin version)","Enrique Iglesias,Pitbull",2010-01-01,231786,69,spotify:user:ieswim,2022-07-14T01:57:49Z,"dance pop,latin pop,mexican pop,miami hip hop,pop",0.646,0.94,10,-2.856,0,0.0838,0.0209,0,0.0691,0.704,129.011,4
6Zo3wgDE076K2AuiGZF3CS,"0TnOYISbd1XYRBk9myaseg,7bXgB6jMjp9ATFy66eO08Z","Fun (feat. Chris Brown)","Globalization","Pitbull,Chris Brown",2014-11-21,202306,64,spotify:user:ieswim,2022-07-14T01:57:53Z,"dance pop,miami hip hop,pop,r&b,rap",0.793,0.774,0,-3.667,0,0.0478,0.156,0,0.193,0.547,113.967,4
04paQ37b9ea8jLFAPQrRMh,"0TnOYISbd1XYRBk9myaseg,6RqG6OjPJVHi1RAcXTxglq,3crnzLy8R4lVwaigKEOz7V,2bxxlINUlcMQQb39K7IopR","Jungle (feat. E-40 & Abraham Mateo)","Jungle (feat. E-40 & Abraham Mateo)","Pitbull,Stereotypes,E-40,Abraham Mateo",2017-11-10,209453,32,spotify:user:ieswim,2022-07-14T01:58:28Z,"dance pop,miami hip hop,pop,cali rap,hyphy,oakland hip hop,west coast rap,latin arena pop,latin pop,latin viral pop,reggaeton,spanish pop",0.796,0.84,10,-4.285,0,0.15,0.0302,0,0.0676,0.842,114.935,4
6ADhQWuCv54VfU3NM8Uyse,"0TnOYISbd1XYRBk9myaseg,2EwZTE4cjewxoigHD5Y3UF,4HJnsUVBubdKJ2aV0sr48u","Can't Have (feat. Steven A. Clark & Ape Drums)","Climate Change","Pitbull,Steven A. Clark,Ape Drums",2017-03-17,215106,38,spotify:user:ieswim,2022-07-14T01:58:46Z,"dance pop,miami hip hop,pop,experimental r&b,synth funk",0.624,0.852,8,-2.562,0,0.107,0.0256,0.00000142,0.147,0.73,105.028,4
3lJA6dGqvaKtVxqHbTtQiQ,"0TnOYISbd1XYRBk9myaseg,0jnsk9HBra6NMjO2oANoPY,2iUbk5KhZYZt4CRvWbwb7S","Greenlight (feat. Flo Rida & LunchMoney Lewis)","Climate Change","Pitbull,Flo Rida,LunchMoney Lewis",2017-03-17,245360,57,spotify:user:ieswim,2022-07-14T01:58:51Z,"dance pop,miami hip hop,pop,pop rap",0.697,0.832,1,-5.603,0,0.267,0.279,0,0.358,0.633,115.05,4
5ImeVGPY7n6UQv0ZWC8Yc4,"0TnOYISbd1XYRBk9myaseg,4wLXwxDeWQ8mtUIRPxGiD6","Rain Over Me (feat. Marc Anthony)","Planet Pit","Pitbull,Marc Anthony",2011-06-17,231573,49,spotify:user:ieswim,2022-07-14T01:59:14Z,"dance pop,miami hip hop,pop,latin pop,modern salsa,salsa,tropical",0.612,0.908,5,-2.105,1,0.0648,0.00502,0,0.821,0.272,127.906,4
6YdQgWSpsxhVeX6Xmv3IFJ,"56oDRnqbIiwx4mymNEv7dS","Cuz I Love You","Cuz I Love You","Lizzo",2019-04-19,179978,60,spotify:user:ieswim,2022-07-14T23:25:04Z,"escape room,minnesota hip hop,pop,trap queen",0.566,0.66,1,-4.039,1,0.0479,0.0156,0,0.234,0.52,162.159,3
4HW5kSQ8M2IQWZhSxERvla,"3Gm5F95VdRxW3mqCn8RPBJ","Spice Girl","Good For You","Aminé",2017-07-28,173946,63,spotify:user:ieswim,2022-08-04T12:37:45Z,"pop rap,portland hip hop,rap,underground hip hop",0.693,0.46,0,-7.912,0,0.226,0.392,0,0.157,0.873,78.09,4
0yFvWTLs3iIwDbc91noXGT,"1anyVhU62p31KFi8MEzkbf,6lEhBhAv6HOopjXssi09cq,3CbYyyd8wH3RT6t0jwpdzC","GRoCERIES","GRoCERIES","Chance the Rapper,TisaKorean,Murda Beatz",2019-05-17,226845,51,spotify:user:ieswim,2022-08-04T12:40:45Z,"chicago rap,conscious hip hop,hip hop,pop rap,rap,trap,houston rap,sped up,viral rap,canadian hip hop,canadian trap",0.906,0.596,0,-5.88,0,0.243,0.0578,0,0.109,0.701,144.038,4
6OTClxme7EYRZGO6An3SMc,"25oLRSUjJk4YHNUsQXk7Ut,3NJ94iuAmmMjbszODYT6pO","Griztronics","Bangers[2].Zip","GRiZ,Subtronics",2019-08-14,198400,61,spotify:user:ieswim,2022-08-09T22:16:01Z,"glitch hop,jamtronica,jazztronica,livetronica,brostep",0.607,0.941,11,-3.807,0,0.481,0.037,0.0137,0.321,0.521,75.401,4
4C6Uex2ILwJi9sZXRdmqXp,"0hCNtLu0JehylgoiP8L4Gh","Super Freaky Girl","Super Freaky Girl","Nicki Minaj",2022-08-12,170977,77,spotify:user:ieswim,2022-08-14T00:19:59Z,"hip pop,pop,queens hip hop,rap",0.95,0.891,2,-2.653,1,0.241,0.0645,0.0000177,0.309,0.912,133.01,4
1ms5tNNdPouTtcD2oVF9Oz,"137W8MRPWKqSmrBGDBFSop","Work Hard, Play Hard","O.N.I.F.C. (Deluxe)","Wiz Khalifa",2012-12-04,219026,62,spotify:user:ieswim,2022-08-14T00:28:54Z,"hip hop,pittsburgh rap,pop rap,rap,southern hip hop,trap",0.787,0.666,11,-4.475,1,0.0485,0.0409,0.0000191,0.296,0.485,140.008,4
3S68RFe1lsdCdTMPIMJM3X,"2RdwBSPQiwcmiDo9kixcl8,1URnnhqYAYcrqrcwql10ft,4V8LLVI7PbaPR0K2TGSxFF","Cash In Cash Out","Cash In Cash Out","Pharrell Williams,21 Savage,Tyler, The Creator",2022-06-10,216135,73,spotify:user:ieswim,2022-08-14T00:28:58Z,"dance pop,pop,atl hip hop,hip hop,rap",0.877,0.56,7,-3.751,1,0.0596,0.00721,0.00000145,0.0839,0.154,119.971,4
7mHdZn4iaQfIZKMF1HmIKo,"0OJzg64gPpMzwQgAA5A5n6","Automatic X Levels X No Hands","Automatic X Levels X No Hands","Trophy",2020-09-22,314305,2,spotify:user:ieswim,2022-08-14T00:29:04Z,"",0.588,0.887,9,-6.924,1,0.0458,0.359,0,0.314,0.619,128.105,4
4aSPEpLCFXqQoSC2MLpQ83,"7CCjtD0hCK005Bvg2WG1a7,6oMuImdp5ZcFhWP0ESe6mG","Bricks","Bricks (feat. Migos)","Carnage,Migos",2014-06-17,264000,11,spotify:user:ieswim,2022-08-14T00:29:07Z,"edm,electro house,electronic trap,viral trap,atl hip hop,hip hop,pop rap,rap,trap",0.783,0.764,8,-5.146,1,0.289,0.268,0.00000113,0.114,0.419,145.884,4
1mAey8kEPmDM2icL56kS9d,"45gHcnDnMC15sgx3VL7ROG,757aE44tKEUQEqRuT6GnEB","4 Da Gang (with Roddy Ricch)","Free Dem Boyz","42 Dugg,Roddy Ricch",2021-05-21,156367,72,spotify:user:ieswim,2022-08-14T00:29:11Z,"detroit trap,southern hip hop,trap,melodic rap,rap",0.87,0.561,7,-10.388,1,0.186,0.0124,0,0.103,0.691,100.458,4
1hE8iI3YK9x1VUBDtSzg3x,"6Xgp2XMz1fhVYe7i6yNAax,2rhFzFmezpnW82MNqEKVry","Demon Time (feat. Ski Mask The Slump God)","Trip At Knight (Complete Edition)","Trippie Redd,Ski Mask The Slump God",2021-08-21,159452,41,spotify:user:ieswim,2022-08-14T00:29:14Z,"melodic rap,rap,trap,hip hop,miami hip hop,pop rap,underground hip hop",0.718,0.684,11,-5.16,0,0.248,0.0182,0,0.233,0.856,146.084,4
1TEHeYuZGKXIcZxONEsJ3K,"5kkpDTQbRC2UCCCUhF6j90,6aaMZ3fcfLv4tEbmY7bjRM","Payday","Payday","Bando.,Isaiah Rashad",2021-11-12,190344,44,spotify:user:ieswim,2022-08-14T00:29:17Z,"hip hop,rap,tennessee hip hop,underground hip hop",0.814,0.614,0,-6.934,0,0.151,0.0912,0,0.102,0.361,145.013,4
51pshtuYkgUQnt5huMPbKL,"4LLpKhyESsyAXpc4laK94U","The Spins","K.I.D.S.","Mac Miller",2010-08-13,195873,7,spotify:user:ieswim,2022-08-14T00:29:18Z,"hip hop,pittsburgh rap,rap",0.794,0.766,9,-3.894,0,0.0377,0.0135,0,0.0785,0.55,127.007,4
3yv7994DWTEk3ihwy75YBQ,"181bsRPaVXVlUKXrxwZfHK,50co4Is1HCEo8bhOyUWKpn","Don’t Stop (feat. Young Thug)","Don’t Stop (feat. Young Thug)","Megan Thee Stallion,Young Thug",2020-10-02,187940,60,spotify:user:ieswim,2022-08-14T00:29:20Z,"houston rap,pop,r&b,rap,trap queen,atl hip hop,atl trap,gangster rap,melodic rap,trap",0.933,0.757,2,-3.212,1,0.117,0.00184,0,0.135,0.544,137.993,4
5wfllwdjglyQislkskYLBv,"0fA0VVWsXO9YnASrzqfmYu","Day 'N' Nite (nightmare)","Man On The Moon: The End Of Day (Deluxe)","Kid Cudi",2009-01-01,221240,75,spotify:user:ieswim,2022-08-14T00:30:32Z,"hip hop,ohio hip hop,pop rap,rap",0.881,0.441,11,-6.278,0,0.0646,0.48,0.00000908,0.119,0.804,138.014,4
3E23kM6RmJfTbnkejJXzcm,"3vAaWhdBR38Q02ohXqaNHT","Gives You Hell","When The World Comes Down (France Version)","The All-American Rejects",2008,213106,16,spotify:user:ieswim,2022-08-14T00:32:38Z,"alternative metal,modern rock,neo mellow,neon pop punk,pop punk,pop rock,post-grunge",0.718,0.691,4,-6.44,1,0.0387,0.0159,0,0.0627,0.552,100.008,4
1LkoYGxmYpO6QSEvY5C0Zl,"3IJ770I1QPmwVp7yug0eJ4","Scotty Doesn't Know","Left for Dead","Lustra",2006,175200,73,spotify:user:ieswim,2022-08-14T00:32:43Z,"pop rock",0.317,0.887,0,-4.525,1,0.0472,0.000449,0.00000923,0.363,0.544,174.009,4
1hBM2D1ULT3aeKuddSwPsK,"0FWzNDaEu9jdgcYTbcOa4F,6jJ0s89eD6GaHleKKya26X,3Pk9L2rUT7wj7queJvrlp5","STARSTRUKK (feat. Katy Perry)","WANT (Deluxe)","3OH!3,Katy Perry,Matt Squire",2009-01-16,202666,68,spotify:user:ieswim,2022-08-14T00:33:40Z,"dance pop,electropowerpop,pop punk,pop rap,post-teen pop,pop",0.607,0.805,11,-5.579,0,0.0608,0.00175,0,0.231,0.232,139.894,4
1LjHre9uHSLMuUrKsl6ppX,"0FWzNDaEu9jdgcYTbcOa4F","Touchin on My","Streets Of Gold","3OH!3",2010-06-25,183106,52,spotify:user:ieswim,2022-08-14T00:33:51Z,"dance pop,electropowerpop,pop punk,pop rap,post-teen pop",0.538,0.876,1,-3.559,1,0.139,0.03,0,0.251,0.527,83.949,4
0vBpyfpW2lARGh3AZFtWRi,"3TNt4aUIxgfy9aoaft5Jj2,3TaUSUXn41GixL7zbvrIDt","Heads Will Roll - A-Trak Remix Radio Edit","Heads Will Roll","Yeah Yeah Yeahs,A-Trak",2009,203920,63,spotify:user:ieswim,2022-08-14T00:34:49Z,"alternative dance,alternative rock,art pop,dance-punk,garage rock,indie rock,modern rock,neo-synthpop,new rave,canadian electronic,edm,electro house,electronic trap,fidget house,turntablism",0.671,0.805,8,-3.232,0,0.081,0.0134,0.0547,0.237,0.866,132.051,4
1ia019RqDK2o4QiANR1Dyn,"0hCNtLu0JehylgoiP8L4Gh,3TVXtAsR1Inumwj472S9r4","Moment 4 Life","Pink Friday","Nicki Minaj,Drake",2010-01-01,279306,75,spotify:user:ieswim,2022-08-14T00:35:38Z,"hip pop,pop,queens hip hop,rap,canadian hip hop,canadian pop,hip hop,pop rap",0.475,0.882,11,-3.883,1,0.351,0.406,0,0.241,0.369,98.001,4
4wFjTWCunQFKtukqrNijEt,"6oMuImdp5ZcFhWP0ESe6mG,0hCNtLu0JehylgoiP8L4Gh,4kYSro6naA4h99UJvo89HB","MotorSport","Culture II","Migos,Nicki Minaj,Cardi B",2018-01-26,303076,72,spotify:user:ieswim,2022-08-14T00:35:46Z,"atl hip hop,hip hop,pop rap,rap,trap,hip pop,pop,queens hip hop",0.904,0.518,2,-5.32,1,0.183,0.0305,0,0.325,0.188,137.996,4
6f3Slt0GbA2bPZlz0aIFXN,"2o5jDhtHVPhrJdv3cEQ99Z","The Business","The Business","Tiësto",2020-09-16,164000,79,spotify:user:ieswim,2022-08-14T00:36:16Z,"big room,brostep,dutch edm,edm,house,pop dance,slap house,trance",0.798,0.62,8,-7.079,0,0.232,0.414,0.0192,0.112,0.235,120.031,4
71bBFbfn2OBK5QwUJSLS44,"2XnBwblw31dfGnspMIwgWz","More Than You Know","More Than You Know","Axwell /\ Ingrosso",2017-07-28,203000,9,spotify:user:ieswim,2022-08-14T00:37:06Z,"edm,pop dance",0.642,0.733,5,-5.001,0,0.0343,0.0274,0,0.266,0.519,123.075,4
0bI7K9Becu2dtXK1Q3cZNB,"2o5jDhtHVPhrJdv3cEQ99Z,790FomKkXshlbRYZFtlgla","Don't Be Shy","Don't Be Shy","Tiësto,KAROL G",2021-08-12,140500,80,spotify:user:ieswim,2022-08-14T00:37:49Z,"big room,brostep,dutch edm,edm,house,pop dance,slap house,trance,reggaeton,reggaeton colombiano,trap latino,urbano latino",0.77,0.787,11,-3.748,0,0.0583,0.198,0,0.262,0.513,119.986,4
27ZZdyTSQWI7Cug2d2PkqV,"2qAwMsiIjTzlmfAkXKvhVA","BILLIE EILISH.","BILLIE EILISH.","Armani White",2022-05-19,99282,74,spotify:user:ieswim,2022-08-15T20:48:15Z,"indie hip hop",0.9,0.509,1,-6.647,1,0.257,0.115,0.00000167,0.0937,0.765,100.007,4
1CdqVF1ywD0ZO1zXtB9yWa,"6MF9fzBmfXghAz953czmBC,3ipn9JLAPI5GUEo4y4jcoi","Break Your Heart","Rokstarr","Taio Cruz,Ludacris",2010-01-01,186266,72,spotify:user:ieswim,2022-08-15T20:59:18Z,"dance pop,pop,pop rap,atl hip hop,dirty south rap,hip hop,old school atlanta hip hop,rap,southern hip hop,trap",0.666,0.899,8,-4.676,1,0.028,0.00155,0,0.0677,0.629,122.05,4
1DFD5Fotzgn6yYXkYsKiGs,"0xRXCcSX89eobfrshSVdyu,2nm38smINjms1LtczR0Cei","Piece Of Your Heart","Piece Of Your Heart","MEDUZA,Goodboys",2019-02-01,152913,73,spotify:user:ieswim,2022-08-15T20:59:23Z,"edm,pop dance,pop house,uk dance",0.677,0.744,10,-6.806,0,0.0295,0.0404,0.00016,0.074,0.631,124.08,4
0E9ZjEAyAwOXZ7wJC0PD33,"3v6Ji4uoWtKRkhuDUaxi9n,1OAjDaKgg00KCUYqDe68un","In My Mind","In My Mind","Dynoro,Gigi D'Agostino",2018-06-08,184560,82,spotify:user:ieswim,2022-08-15T20:59:37Z,"edm,eurodance,italo dance",0.694,0.77,6,-5.335,1,0.149,0.176,0.000011,0.118,0.163,125.905,4
6cx06DFPPHchuUAcTxznu9,"6DgP9otnZw5z6daOntINxp,7uMh23xWiuR7zsNkuNcm2G","Head & Heart (feat. MNEK)","Head & Heart (feat. MNEK)","Joel Corry,MNEK",2020-07-03,166028,80,spotify:user:ieswim,2022-08-15T21:05:41Z,"dance pop,pop dance,uk dance,house,uk contemporary r&b,uk pop",0.734,0.874,8,-3.158,1,0.0662,0.168,0.0000114,0.0489,0.905,122.953,4
455AfCsOhhLPRc68sE01D8,"6jJ0s89eD6GaHleKKya26X","Last Friday Night (T.G.I.F.)","Teenage Dream: The Complete Confection","Katy Perry",2012-03-12,230746,77,spotify:user:ieswim,2022-08-15T21:05:51Z,"pop",0.649,0.815,3,-3.796,0,0.0415,0.00125,0.0000431,0.671,0.765,126.03,4
26rdOwwjC2UnweK3xeS58u,"0jnsk9HBra6NMjO2oANoPY,6d47Z08T4snK50HgTEHo5Z,27fy6rHPC58Eo2VUu0iJSG","GDFR (feat. Sage the Gemini & Lookas)","My House","Flo Rida,Sage The Gemini,Lookas",2015-04-07,190185,76,spotify:user:ieswim,2022-08-15T21:05:59Z,"dance pop,miami hip hop,pop,pop rap,hyphy,southern hip hop,trap,brostep,electro house,electronic trap",0.657,0.827,5,-4.036,1,0.0734,0.000704,0.00534,0.065,0.69,145.889,4
127uq83uGFapbddqiMUKky,"1Cs0zKBU1kc0i8ypK3B9ai,0z4gvV4rjIZ9wHck67ucSV","Sexy Bitch (feat. Akon)","One More Love","David Guetta,Akon",2010-11-22,195853,66,spotify:user:ieswim,2022-08-15T21:06:51Z,"big room,dance pop,edm,pop,pop dance",0.813,0.627,11,-5.018,0,0.0486,0.0771,0.000616,0.131,0.801,130.011,4
1PS1QMdUqOal0ai3Gt7sDQ,"5K4W6rqBFWDnAN6FQUkS6x,7LnaAXbDVIL75IVPnndf7w","Gold Digger","Late Registration","Kanye West,Jamie Foxx",2005-08-30,207626,86,spotify:user:ieswim,2022-08-15T21:15:36Z,"chicago rap,hip hop,rap,contemporary r&b,hip pop,r&b,southern hip hop,trap,urban contemporary",0.629,0.696,1,-5.572,0,0.348,0.0195,0,0.0554,0.623,93.034,4
5EIkdrmuu2xkoQWOWjoeFY,"6fxyWrfmjcbj5d12gXeiNV,0xukYGKRRwBWS1N9sfCQoq,4vZ5UD5pIliRPSdHHj9EUp,57nPqD7z62gDdq37US9XJR,47mIJdHORyRerp4os813jD","Dynasties & Dystopia (from the series Arcane League of Legends)","Dynasties & Dystopia (from the series Arcane League of Legends)","Denzel Curry,Gizzle,Bren Joy,Arcane,League of Legends",2021-11-20,178080,65,spotify:user:ieswim,2022-08-15T21:19:40Z,"dark trap,drill,hip hop,miami hip hop,pop rap,rap,trap,underground hip hop,chill r&b,indie r&b,speedrun,video game music",0.703,0.834,1,-5.134,1,0.0603,0.0139,0,0.1,0.863,153.97,4
40x8vMUHIjqd2A5EtHEvAb,"0M2CO5ijP35MDhNwvpgxTV,31W5EY0aAly4Qieq6OFu6I,46SHBwWsqBkxI7EeeBEQG7","Drowning - Sped Up Version","Drowning (Sped Up Version)","sped up nightcore,A Boogie Wit da Hoodie,Kodak Black",2022-06-02,174517,66,spotify:user:ieswim,2022-08-15T21:20:54Z,"nightcore,sped up,melodic rap,rap,trap,florida drill,florida rap,miami hip hop,trap latino",0.759,0.903,8,-5.287,0,0.0785,0.343,0,0.121,0.878,154.825,4
1Y5Jvi3eLi4Chwqch9GMem,"46SHBwWsqBkxI7EeeBEQG7","Super Gremlin","Back For Everything","Kodak Black",2022-02-25,200547,75,spotify:user:ieswim,2022-08-15T21:21:54Z,"florida drill,florida rap,melodic rap,miami hip hop,rap,trap,trap latino",0.825,0.414,2,-6.634,1,0.144,0.00265,0,0.357,0.106,72.993,4
190jyVPHYjAqEaOGmMzdyk,"1uNFoZAHBGtllmzznpCI3s,0hCNtLu0JehylgoiP8L4Gh","Beauty And A Beat","Believe (Deluxe Edition)","Justin Bieber,Nicki Minaj",2012-06-15,227986,81,spotify:user:ieswim,2022-08-15T21:36:20Z,"canadian pop,pop,hip pop,queens hip hop,rap",0.602,0.843,0,-4.831,1,0.0593,0.000688,0.0000527,0.0682,0.526,128.003,4
0O45fw2L5vsWpdsOdXwNAR,"31TPClRtHm23RisEBtV3X7,5Y5TRrQiqgUO4S36tzjIRZ","SexyBack (feat. Timbaland)","FutureSex/LoveSounds","Justin Timberlake,Timbaland",2006-09-12,242733,83,spotify:user:ieswim,2022-08-15T21:36:37Z,"dance pop,pop,pop rap",0.967,0.583,7,-5.562,0,0.0789,0.0584,0,0.0519,0.964,117,4
7JCKKMSer6K9ASR9ujLaqT,"1cP0DqN4EFb9Yvp6JhdMow","Love Me Again","Love Me Again","Ellyphant",2022-07-29,164761,0,spotify:user:ieswim,2022-08-15T21:37:26Z,"",0.659,0.844,7,-6.947,1,0.0438,0.00237,0.00000898,0.479,0.231,125.957,4
2QtJA4gbwe1AcanB2p21aP,"2qxJFvFYMEDqd7ui6kSAcq,6Rx1JKzBrSzoKQtmbVmBnM","Stay The Night - Featuring Hayley Williams Of Paramore","Clarity (Deluxe)","Zedd,Hayley Williams",2012,217346,67,spotify:user:ieswim,2022-08-15T21:37:49Z,"complextro,edm,german techno,pop,pop dance,art pop",0.596,0.738,8,-3.109,1,0.0411,0.109,0,0.0947,0.461,127.961,4
7CHi4DtfK4heMlQaudCuHK,"0xRXCcSX89eobfrshSVdyu,4EPJlUEBy49EX1wuFOvtjK,2nm38smINjms1LtczR0Cei","Lose Control","Lose Control","MEDUZA,Becky Hill,Goodboys",2019-10-11,168387,75,spotify:user:ieswim,2022-08-15T21:38:49Z,"edm,pop dance,pop house,uk dance,uk pop",0.598,0.526,10,-8.659,0,0.0415,0.129,0,0.14,0.529,123.935,4
7rliulQYKItp3rYJqJQT1o,"1Yj7SsIEP9k7SsE1HcMBrq,5SHDLpahWqSLc0qhuGpS3f,0Y0r9IKRjfC62MAYMDEMZO","Bounce","Bounce","EQRIC,PHARAØH,Timmy Commerford",2022-06-30,126774,32,spotify:user:ieswim,2022-08-15T21:39:50Z,"covertronica,pop edm,gym hardstyle",0.493,0.844,11,-5.063,0,0.25,0.0586,0,0.663,0.496,122.313,4
0uKNrHYRdAj6hYHxCcoHOY,"07QEuhtrNmmZ0zEcqE9SF6,6sFIWsNpZYqfjUpaCgueju","Good Time","Kiss (Deluxe)","Owl City,Carly Rae Jepsen",2012-01-01,205120,42,spotify:user:ieswim,2022-08-15T21:40:37Z,"indietronica,pop,canadian pop,dance pop",0.567,0.863,3,-4.916,1,0.111,0.0195,0.00008,0.45,0.675,126.012,4
0WVpOA5QIf4HbRDyZVRsMG,"0N0d3kjwdY2h7UVuTdJGfp","Every time we touch","Everytime We Touch (Premium Edition)","Cascada",2009-02-27,197124,0,spotify:user:ieswim,2022-08-15T21:41:10Z,"eurodance,europop,german techno,melbourne bounce international",0.633,0.976,8,-5.362,1,0.0519,0.00281,0.0000129,0.382,0.493,142.027,4
66hayvUbTotekKU3H4ta1f,"1HxJeLhIuegM3KgvPn8sTa,5he5w2lnU9x7JFhnwcekXX,5fMUXHkw8R8eOP2RNVYEZX,1uNFoZAHBGtllmzznpCI3s","Where Are Ü Now (with Justin Bieber)","Skrillex and Diplo present Jack Ü","Jack Ü,Skrillex,Diplo,Justin Bieber",2015-02-24,250285,77,spotify:user:ieswim,2022-08-15T21:44:31Z,"edm,electro house,pop dance,brostep,complextro,electro,dance pop,moombahton,canadian pop,pop",0.432,0.781,4,-4.038,0,0.0567,0.041,0.00000421,0.0789,0.197,139.432,4
6YUTL4dYpB9xZO5qExPf05,"7CajNmpbOovFoOoasH2HaY","Summer","Motion","Calvin Harris",2014-10-31,222533,85,spotify:user:ieswim,2022-08-15T21:44:45Z,"dance pop,edm,electro house,house,pop,pop dance,progressive house,uk dance",0.596,0.856,4,-3.556,0,0.0346,0.0211,0.0178,0.141,0.743,127.949,4
2s5YN9O8Qv25BjQobPHWVZ,"698hF4vcwHwPy8ltmXermq,7C64wNX3howEFZjAYRKsfP,7Ip2u3e5Nv6fFb5xyIHxEE","Like A G6","Dirty Bass (Deluxe)","Far East Movement,The Cataracs,DEV",2012,219306,0,spotify:user:ieswim,2022-08-15T21:44:54Z,"asian american hip hop,dance pop,pop rap",0.431,0.862,7,-7.005,0,0.428,0.00618,0,0.322,0.696,124.93,4
2V1YCJiYHpv7MfsU5fvvYf,"0N0d3kjwdY2h7UVuTdJGfp","Evacuate The Dancefloor","Evacuate The Dancefloor","Cascada",2009,205884,0,spotify:user:ieswim,2022-08-15T21:45:06Z,"eurodance,europop,german techno,melbourne bounce international",0.76,0.696,0,-5.811,1,0.0491,0.0195,0,0.278,0.903,127.029,4
4L3sku3mPh6uWGNA63VCgu,"0C0XlULifJtAgn6ZNCW2eu","Mr. Brightside","Hot Fuss (International Version Ecopac)","The Killers",2004-06-15,222106,0,spotify:user:ieswim,2022-08-15T21:45:35Z,"alternative rock,dance rock,modern rock,permanent wave,rock",0.352,0.928,1,-3.71,1,0.0758,0.00113,0,0.0987,0.239,148.026,4
6PwjJ58I4t7Mae9xfZ9l9v,"0C0XlULifJtAgn6ZNCW2eu","Somebody Told Me","Hot Fuss","The Killers",2004,197200,85,spotify:user:ieswim,2022-08-15T21:45:56Z,"alternative rock,dance rock,modern rock,permanent wave,rock",0.497,0.97,10,-4.851,0,0.0836,0.0000904,0.000674,0.101,0.689,138.081,4
3xrn9i8zhNZsTtcoWgQEAd,"3BmGtnKgCSGYIUhmivXKWX","Since U Been Gone","Breakaway","Kelly Clarkson",2004-01-17,188960,76,spotify:user:ieswim,2022-08-15T21:48:22Z,"dance pop,pop,talent show",0.662,0.741,0,-5.406,1,0.0334,0.00165,0.0303,0.114,0.404,131,4
56Tl3UgyZTqfZtvFNS31wm,"0vWCyXMrrvMlCcepuOJaGI","The Great Escape","Boys Like Girls","BOYS LIKE GIRLS",2006,206520,66,spotify:user:ieswim,2022-08-15T21:49:23Z,"neon pop punk,pop punk",0.423,0.94,1,-4.012,0,0.0635,0.00166,0,0.178,0.505,149.934,4
3AYcyxEACnmE6d96RPubID,"5BcAKTbp20cv7tC5VqPFoC,56xTxG4nQMAs1GW9kvn0uA","Thrift Shop (feat. Wanz)","The Heist (Deluxe Edition)","Macklemore & Ryan Lewis,Wanz",2012-10-09,235613,0,spotify:user:ieswim,2022-08-15T21:51:20Z,"pop rap,seattle hip hop",0.781,0.526,6,-6.985,0,0.293,0.0619,0,0.0457,0.662,94.992,4
2yAVzRiEQooPEJ9SYx11L3,"64rxQRJsLgZwHHyWKB8fiF,5ENS85nZShljwNgg4wFD7D","Blue (Da Ba Dee) - Gabry Ponte Ice Pop Radio","Europop","Eiffel 65,Gabry Ponte",1999,283747,79,spotify:user:ieswim,2022-08-15T21:51:28Z,"eurodance,europop,italian adult pop,italo dance,slap house",0.822,0.969,7,-11.471,0,0.0582,0.259,0.000153,0.39,0.765,128.007,4
6SEizXg6WimNyK8NdI9biV,"0TnOYISbd1XYRBk9myaseg,21E3waRsmPlU7jZsS13rcj","Time of Our Lives","Globalization","Pitbull,Ne-Yo",2014-11-21,229346,56,spotify:user:ieswim,2022-08-15T21:52:20Z,"dance pop,miami hip hop,pop,r&b,urban contemporary",0.729,0.801,5,-5.698,0,0.0529,0.0895,0,0.766,0.764,123.995,4
1xMLthTaWJieT9YGV1hyS5,"60d24wfXkVzDSfLS6hyCjZ","Animals","Gold Skies","Martin Garrix",2014-07-01,303773,62,spotify:user:ieswim,2022-08-15T21:52:51Z,"dutch edm,edm,pop,pop dance,progressive house",0.676,0.865,1,-6.381,1,0.0389,0.00105,0.648,0.382,0.0372,128.006,4
5jrdCoLpJSvHHorevXBATy,"6jJ0s89eD6GaHleKKya26X,5gCRApTajqwbnHHPbr2Fpi","Dark Horse","PRISM (Deluxe)","Katy Perry,Juicy J",2013-10-18,215672,79,spotify:user:ieswim,2022-08-15T21:53:24Z,"pop,crunk,memphis hip hop,pop rap,rap,southern hip hop,trap",0.645,0.585,6,-6.122,1,0.0513,0.00314,0,0.165,0.353,131.931,4
36ux3YuUsGTWPT8fXclS45,"6jJ0s89eD6GaHleKKya26X,5K4W6rqBFWDnAN6FQUkS6x","E.T.","Teenage Dream: The Complete Confection","Katy Perry,Kanye West",2012-03-12,229573,70,spotify:user:ieswim,2022-08-15T21:53:27Z,"pop,chicago rap,hip hop,rap",0.62,0.869,1,-5.252,1,0.175,0.0181,0,0.369,0.76,151.684,4
6GDJDe3I7yHq4rPDTfuJMj,"5yczwlOmRZG3wUEtvLiGBg","Rhythm Is A Dancer","Rhythm Is A Dancer","Braaheim",2022-03-17,147227,70,spotify:user:ieswim,2022-08-15T21:54:04Z,"covertronica,hypertechno,slap house",0.632,0.929,5,-4.639,0,0.0417,0.0819,0.0000759,0.376,0.431,128.006,4
0gb1J5UrTpzaU1s3nupgCd,"4sTQVOfp9vEMCemLw50sbu","No Money","No Money","Galantis",2016-04-01,189126,69,spotify:user:ieswim,2022-08-15T22:04:05Z,"dance pop,edm,pop,pop dance",0.671,0.916,6,-4.014,0,0.0397,0.0282,0.00762,0.24,0.803,126.01,4
46lFttIf5hnUZMGvjK0Wxo,"4sTQVOfp9vEMCemLw50sbu","Runaway (U & I)","Pharmacy","Galantis",2015-06-05,227073,80,spotify:user:ieswim,2022-08-15T22:04:20Z,"dance pop,edm,pop,pop dance",0.506,0.805,1,-4.119,1,0.0469,0.00711,0.00193,0.0856,0.383,126.008,4
2GYHyAoLWpkxLVa4oYTVko,"5j4HeCoUlzhfWtjAfM1acR","Alors on danse - Radio Edit","Cheese","Stromae",2010-01-01,206066,81,spotify:user:ieswim,2022-08-15T22:06:18Z,"belgian pop,g-house",0.791,0.59,1,-9.206,0,0.0793,0.0994,0.00203,0.065,0.714,119.951,4
22UDw8rSfLbUsaAGTXQ4Z8,"5T0MSzX9RC5NA6gAI6irSn,5K4W6rqBFWDnAN6FQUkS6x","American Boy","Shine","Estelle,Kanye West",2008-03-28,284733,5,spotify:user:ieswim,2022-08-15T22:06:23Z,"neo soul,r&b,chicago rap,hip hop,rap",0.727,0.729,0,-2.99,1,0.326,0.171,0,0.07,0.512,117.932,4
7MIhUdNJtaOnDmC5nBC1fb,"0NGAZxHanS9e0iNHpR8f2W,66TrUkUZ3RM29dqeDQRgyA,1TrfxjXu8quyDw05p2bacX,2u3rmzZC0psTER2sDfUebm","Deep Down (feat. Never Dull)","Deep Down (feat. Never Dull)","Alok,Ella Eyre,Kenny Dope,Never Dull",2022-06-17,165752,82,spotify:user:ieswim,2022-08-15T22:06:46Z,"electro house,pop nacional,slap house,dance pop,talent show,uk dance,uk pop,chicago house,deep house,soulful house,funky house",0.687,0.818,0,-4.221,1,0.0778,0.0112,0,0.248,0.886,125.952,4
0TcJ7QWpggdSg8t0fHThHm,"1HY2Jd0NmPuamShAr6KMms","LoveGame","The Fame","Lady Gaga",2008-01-01,216333,74,spotify:user:ieswim,2022-08-15T22:07:58Z,"art pop,dance pop,pop",0.894,0.678,6,-5.611,0,0.0523,0.00569,0.00000243,0.317,0.844,105.024,4
5HQVUIKwCEXpe7JIHyY734,"7hJcb9fa4alzcOq3EaNPoG,137W8MRPWKqSmrBGDBFSop,0du5cEVh5yTK9QJze8zA0C","Young, Wild & Free (feat. Bruno Mars)","Young, Wild & Free (feat. Bruno Mars)","Snoop Dogg,Wiz Khalifa,Bruno Mars",2011-10-11,207333,79,spotify:user:ieswim,2022-08-15T22:08:34Z,"g funk,gangster rap,hip hop,pop rap,rap,west coast rap,pittsburgh rap,southern hip hop,trap,dance pop,pop",0.715,0.655,0,-6.425,1,0.137,0.0525,0,0.115,0.531,95.078,4
3GpbwCm3YxiWDvy29Uo3vP,"0jnsk9HBra6NMjO2oANoPY","Right Round","R.O.O.T.S. (Route of Overcoming the Struggle)","Flo Rida",2009-03-30,204640,83,spotify:user:ieswim,2022-08-15T22:08:45Z,"dance pop,miami hip hop,pop,pop rap",0.72,0.672,7,-6.852,1,0.0551,0.009,0,0.232,0.705,124.986,4
5rb9QrpfcKFHM1EUbSIurX,"23zg3TcAtWQy7J6upgbUnj,7sfl4Xt5KmfyDs2T3SVSMK,3ipn9JLAPI5GUEo4y4jcoi","Yeah! (feat. Lil Jon & Ludacris)","Confessions (Expanded Edition)","USHER,Lil Jon,Ludacris",2004-03-23,250373,89,spotify:user:ieswim,2022-08-15T22:09:08Z,"atl hip hop,contemporary r&b,dance pop,pop,r&b,rap,south carolina hip hop,urban contemporary,crunk,dirty south rap,old school atlanta hip hop,pop rap,southern hip hop,trap,hip hop",0.894,0.791,2,-4.699,1,0.112,0.0183,0,0.0388,0.583,105.018,4
0C4ejWmOTMv8vuYj85mf8m,"5pKCCKE2ajJHZ9KAiaK11H","S&M","Loud","Rihanna",2010-11-16,243533,76,spotify:user:ieswim,2022-08-15T22:09:13Z,"barbadian pop,pop,urban contemporary",0.767,0.682,1,-5.02,1,0.042,0.0113,0.00016,0.104,0.833,127.975,4
0IkKz2J93C94Ei4BvDop7P,"3sgFRtyBnxXD5ESfmbK4dl,2jLE4BoXHriQ96JagEtiDP,53sIBaVjXQhfH89Vu6nEGh","Party Rock Anthem","Sorry For Party Rocking","LMFAO,Lauren Bennett,GoonRock",2011-01-01,262173,72,spotify:user:ieswim,2022-08-15T22:09:28Z,"dance pop,pop,pop rap",0.75,0.727,5,-4.21,0,0.142,0.0189,0,0.266,0.359,129.993,4
0mQNFiamtlZF5i6DGYckTv,"4ZjJmxiWDURUeXl9erCsE5,1SridnvhrGK3S0cfnVcOYR,0l6LU5NRvLTVeRDJZznwLX","Be My Lover","Be My Lover","Owen Norton,Masove,Ava Silver",2022-02-24,150476,60,spotify:user:ieswim,2022-08-15T22:09:50Z,"uk dance,covertronica",0.714,0.874,1,-5.385,0,0.0998,0.0074,0.000196,0.383,0.581,126.028,4
5vlEg2fT4cFWAqU5QptIpQ,"5tKXB9uuebKE34yowVaU3C","Replay","Replay","Iyaz",2009-08-11,182306,75,spotify:user:ieswim,2022-08-15T22:10:19Z,"dance pop,pop rap,post-teen pop",0.706,0.751,9,-6.323,1,0.0708,0.173,0,0.168,0.195,91.031,4
3H7ihDc1dqLriiWXwsc2po,"0u6GtibW46tFX7koQ6uNJZ,5Wg2b4Mp42gicxEeDNawf7","Breaking Me","Breaking Me","Topic,A7S",2019-12-19,166793,78,spotify:user:ieswim,2022-08-15T22:11:31Z,"german dance,pop dance,pop edm,uk dance,scandipop",0.789,0.72,8,-5.652,0,0.218,0.223,0,0.129,0.664,122.031,4
0TDLuuLlV54CkRRUOahJb4,"1Cs0zKBU1kc0i8ypK3B9ai,5WUlDfRSoLAfcVSX1WnrxN","Titanium (feat. Sia)","Nothing but the Beat (Ultimate Edition)","David Guetta,Sia",2012-12-07,245040,84,spotify:user:ieswim,2022-08-15T22:12:09Z,"big room,dance pop,edm,pop,pop dance,australian dance,australian pop",0.604,0.787,0,-3.674,0,0.103,0.0679,0.15,0.127,0.301,126.062,4
2CEgGE6aESpnmtfiZwYlbV,"6MF9fzBmfXghAz953czmBC","Dynamite","The Rokstarr Hits Collection","Taio Cruz",2010-01-01,202613,79,spotify:user:ieswim,2022-08-15T22:12:14Z,"dance pop,pop,pop rap",0.751,0.783,4,-3.724,1,0.0859,0.00379,0,0.036,0.816,119.975,4
1Je1IMUlBXcx1Fz0WE7oPT,"0uq5PttqEjj3IH1bzwcrXF","Wannabe","Spice","Spice Girls",1996-01-01,173026,84,spotify:user:ieswim,2022-08-15T22:12:22Z,"dance pop,girl group,pop",0.768,0.864,11,-6.145,1,0.0324,0.101,0,0.162,0.891,110.008,4
5nujrmhLynf4yMoMtj8AQF,"6M2wZ9GZgrQXHCFfjv46we,4r63FhuTkUYltbVAg5TQnk","Levitating (feat. DaBaby)","Future Nostalgia","Dua Lipa,DaBaby",2020-03-27,203064,86,spotify:user:ieswim,2022-08-15T22:12:37Z,"dance pop,pop,uk pop,hip hop,north carolina hip hop,pop rap,rap,trap",0.702,0.825,6,-3.787,0,0.0601,0.00883,0,0.0674,0.915,102.977,4
2a1o6ZejUi8U3wzzOtCOYw,"33ScadVnbm2X8kkUqOkC6Z,5bv5RplEOwdCvhq0EILh9E","Danza Kuduro","Meet The Orphans","Don Omar,Lucenzo",2010-01-01,198773,84,spotify:user:ieswim,2022-08-15T22:12:44Z,"latin hip hop,puerto rican pop,reggaeton,trap latino,urbano latino",0.4,0.915,0,-4.89,1,0.28,0.0846,0,0.0503,0.878,88.917,3
1k18nxjYj8R5iz82Ap7GEY,"1HY2Jd0NmPuamShAr6KMms","Marry The Night","Born This Way","Lady Gaga",2011-01-01,264520,55,spotify:user:ieswim,2022-08-17T23:03:59Z,"art pop,dance pop,pop",0.614,0.879,0,-4.422,1,0.056,0.00104,0.00438,0.41,0.407,131.092,4
6Jkm5kUldvIqxzI1Pa7nXH,"6oWOHAOyBUn6aJlKIPJK9r","10 Things I Hate About You","10 Things I Hate About You","Leah Kate",2022-03-23,157138,32,spotify:user:ieswim,2022-08-20T17:12:52Z,"alt z",0.544,0.786,8,-2.97,1,0.0501,0.00991,0,0.169,0.446,153.967,4
6Xa2q0dapj03CsRzmD0Os5,"6oMuImdp5ZcFhWP0ESe6mG","Fight Night","No Label II","Migos",2014-02-25,216247,69,spotify:user:ieswim,2022-08-24T03:08:55Z,"atl hip hop,hip hop,pop rap,rap,trap",0.874,0.706,1,-5.132,1,0.207,0.182,0,0.334,0.895,89.961,4
4Tn2llBm1g0UlWctmgPL8Z,"5pKCCKE2ajJHZ9KAiaK11H","Shut Up And Drive","Good Girl Gone Bad: Reloaded","Rihanna",2008-06-02,212280,74,spotify:user:ieswim,2022-08-27T17:17:20Z,"barbadian pop,pop,urban contemporary",0.735,0.826,1,-4.902,1,0.0349,0.00101,0.129,0.197,0.74,132.964,4
7ycWLEP1GsNjVvcjawXz3z,"13ubrt8QOOCPljQ2FL1Kca,2p1fiYHYiXz9qi0JJyxBzN","Praise The Lord (Da Shine) (feat. Skepta)","TESTING","A$AP Rocky,Skepta",2018-05-25,205040,85,spotify:user:ieswim,2022-08-28T17:12:41Z,"east coast hip hop,hip hop,rap,trap,birmingham grime,grime,instrumental grime,uk hip hop",0.854,0.569,5,-8.151,0,0.106,0.0609,0.0816,0.1,0.294,80.015,4
0O6u0VJ46W86TxN9wgyqDj,"246dkjvS1zLTtiykXe5h60,5cj0lLjcoR7YOSnhnX0Po5","I Like You (A Happier Song) (with Doja Cat)","Twelve Carat Toothache","Post Malone,Doja Cat",2022-06-03,192840,85,spotify:user:ieswim,2022-08-28T17:12:53Z,"dfw rap,melodic rap,pop,rap,dance pop",0.733,0.67,5,-6.009,1,0.0751,0.121,0,0.121,0.472,100.964,4
2zYzyRzz6pRmhPzyfMEC8s,"711MCceyCBcFnzjGY4Q7Un","Highway to Hell","Highway to Hell","AC/DC",1979-07-27,208400,88,spotify:user:ieswim,2022-09-01T22:16:39Z,"australian rock,hard rock,rock",0.574,0.913,6,-4.793,0,0.133,0.061,0.00158,0.156,0.423,115.728,4
08uGhvS5MfBk7crUCpnjva,"7LnaAXbDVIL75IVPnndf7w,3aQeKQSyrW4qWr35idm0cy","Blame It","Intuition","Jamie Foxx,T-Pain",2008-12-11,289746,69,spotify:user:ieswim,2022-09-02T23:04:51Z,"contemporary r&b,hip pop,r&b,southern hip hop,trap,urban contemporary,dance pop,gangster rap,hip hop,pop rap,rap",0.673,0.614,7,-5.426,1,0.103,0.0782,0,0.139,0.362,176.052,4
6DCZcSspjsKoFjzjrWoCdn,"3TVXtAsR1Inumwj472S9r4","God's Plan","Scorpion","Drake",2018-06-29,198973,88,spotify:user:ieswim,2022-09-02T23:25:15Z,"canadian hip hop,canadian pop,hip hop,pop rap,rap",0.754,0.449,7,-9.211,1,0.109,0.0332,0.0000829,0.552,0.357,77.169,4
1bMla3mWq0xG6hdehDIUvh,"3RgYLcngallvfnUv7MssUf","Woo Tang Wit It - radio","Do you wanna dance","DJ Chipman",2020-10-16,142600,39,spotify:user:ieswim,2022-09-09T16:08:30Z,"",0.863,0.905,4,-4.652,0,0.173,0.00316,0.000127,0.0621,0.762,123.983,4
38rzVNulHbbI8wDEUnveco,"6d47Z08T4snK50HgTEHo5Z,0FtsMKmZEq8fBWqdSOWtqp","No Ex's","No Ex's","Sage The Gemini,03 Greedo",2018-02-28,167386,30,spotify:user:ieswim,2022-09-13T11:40:02Z,"hyphy,pop rap,southern hip hop,trap,cali rap,melodic rap",0.9,0.499,8,-8.477,0,0.219,0.0125,0.00222,0.107,0.232,97.506,4
4A6tGkUueUgVe1P7cVtUL7,"7bXgB6jMjp9ATFy66eO08Z","Slide","Breezy","Chris Brown",2022-06-24,153893,46,spotify:user:ieswim,2022-09-14T05:51:49Z,"r&b,rap",0.51,0.774,8,-6.136,1,0.0928,0.00748,0,0.117,0.882,170.222,4
5aXgz1oKK8Q9z9xvTmSnrO,"6Xgp2XMz1fhVYe7i6yNAax","Topanga","A Love Letter To You 3","Trippie Redd",2018-11-09,215364,41,spotify:user:ieswim,2022-10-04T22:20:35Z,"melodic rap,rap,trap",0.755,0.615,4,-8.245,1,0.0454,0.00587,0.00000175,0.109,0.039,105.955,4
6btyEL6NwUa97Nex9cZFvo,"1yxSLGMDHlW21z4YXirZDS","Pump It","Monkey Business","Black Eyed Peas",2005-01-01,213066,73,spotify:user:ieswim,2022-10-06T00:52:00Z,"dance pop,pop,pop rap",0.649,0.931,1,-3.15,0,0.181,0.0093,0,0.751,0.744,153.645,4
1r3qUIDhMvoTct7cxPnbdN,"0fA0VVWsXO9YnASrzqfmYu,17lzZA2AlOHwCwFALHttmp","Can't Believe It (feat. 2 Chainz)","Entergalactic","Kid Cudi,2 Chainz",2022-09-30,172106,53,spotify:user:ieswim,2022-10-06T13:33:37Z,"hip hop,ohio hip hop,pop rap,rap,atl hip hop,southern hip hop,trap",0.766,0.661,1,-6.528,1,0.0944,0.000702,0.045,0.36,0.629,169.949,4
37Qn9foJ2E2S24guZSyvyg,"0fA0VVWsXO9YnASrzqfmYu","Livin' My Truth","Entergalactic","Kid Cudi",2022-09-30,133506,59,spotify:user:ieswim,2022-10-06T22:24:19Z,"hip hop,ohio hip hop,pop rap,rap",0.679,0.701,2,-6.638,1,0.0401,0.401,0.0581,0.138,0.935,80.988,4
7I7JbDv63ZJJsSi24DyJrz,"06HL4z0CvFAxyc27GXpf02","Dancing With Our Hands Tied","reputation","Taylor Swift",2017-11-10,211506,79,spotify:user:ieswim,2022-10-21T20:36:14Z,"pop",0.624,0.691,0,-6.686,0,0.196,0.0604,0.000011,0.138,0.284,160.024,4
1R0a2iXumgCiFb7HEZ7gUE,"06HL4z0CvFAxyc27GXpf02","Don’t Blame Me","reputation","Taylor Swift",2017-11-10,236413,92,spotify:user:ieswim,2022-10-21T20:36:28Z,"pop",0.615,0.534,9,-6.719,0,0.0386,0.106,0.0000176,0.0607,0.193,135.917,4
07NxDD1iKCHbAldceD7QLP,"06HL4z0CvFAxyc27GXpf02","This Is Why We Can't Have Nice Things","reputation","Taylor Swift",2017-11-10,207133,78,spotify:user:ieswim,2022-10-21T20:37:33Z,"pop",0.567,0.789,5,-5.986,1,0.115,0.0156,0,0.382,0.438,163.96,4
6tS3XVuOyu10897O3ae7bi,"6jJ0s89eD6GaHleKKya26X,7hJcb9fa4alzcOq3EaNPoG","California Gurls","Teenage Dream: The Complete Confection","Katy Perry,Snoop Dogg",2012-03-12,234653,77,spotify:user:ieswim,2022-10-21T20:38:19Z,"pop,g funk,gangster rap,hip hop,pop rap,rap,west coast rap",0.791,0.754,0,-3.729,1,0.0569,0.00446,0,0.163,0.425,125.014,4
3RLC8jJmDOZwrJ5izaISXr,"53M4Iv2RkzzxFFvW2B1jhC","Blackout","Hell Is What You Make It","Breathe Carolina",2011-07-12,210200,57,spotify:user:ieswim,2022-10-21T20:41:40Z,"electropowerpop,neon pop punk,trancecore",0.662,0.819,6,-4.609,1,0.124,0.00537,0,0.0498,0.801,122.951,4
3MjUtNVVq3C8Fn0MP3zhXa,"26dSoYclwsYLMAKD3tpOr4","...Baby One More Time","...Baby One More Time (Digital Deluxe Version)","Britney Spears",1999-01-12,211066,84,spotify:user:ieswim,2022-10-29T21:49:05Z,"dance pop,pop",0.759,0.699,0,-5.745,0,0.0307,0.202,0.000131,0.443,0.907,92.96,4
6ic8OlLUNEATToEFU3xmaH,"26dSoYclwsYLMAKD3tpOr4","Gimme More","Blackout","Britney Spears",2007-10-25,251240,84,spotify:user:ieswim,2022-10-29T21:49:20Z,"dance pop,pop",0.788,0.844,2,-3.131,1,0.0334,0.25,0.000678,0.0723,0.382,113.324,4
3q9oTSo64CrjOiPwI4DbWE,"3MyFDtqB80WZvbtCZRsekM","Baianá","The Ringmaster","Bakermat",2020-10-09,180842,34,spotify:user:ieswim,2022-10-31T17:57:07Z,"minimal tech house,tropical house",0.587,0.722,2,-6.983,0,0.0709,0.000754,0.668,0.543,0.466,121.964,4
0AOvNRgl0SMfOibWA5bP8o,"2YZyLoL8N0Wb9xBt1NhZWg,28ExwzUQsvgJooOI0X1mr3","Money Trees","good kid, m.A.A.d city (Deluxe)","Kendrick Lamar,Jay Rock",2012,386906,65,spotify:user:ieswim,2022-11-01T20:12:35Z,"conscious hip hop,hip hop,rap,west coast rap,southern hip hop,trap",0.716,0.531,7,-7.355,1,0.122,0.0703,0,0.224,0.344,71.994,4
6YeUmDm2HojqOQjJM2MGzJ,"4sTQVOfp9vEMCemLw50sbu,3iN9k8uvm4WrgdlOigOH8D,1cwOthlzLBwN8Imbq7P71H,6STjC3QJTieuM5WHHtkGuh","Never Felt A Love Like This (feat. Dotan) - Raven & Kreyn Remix","Never Felt A Love Like This (feat. Dotan) [Remixes]","Galantis,Hook N Sling,Dotan,Raven & Kreyn",2020-03-27,175719,37,spotify:user:ieswim,2022-11-10T16:35:11Z,"dance pop,edm,pop,pop dance,australian dance,progressive electro house,dutch pop,folk-pop,big room,gaming edm,pop edm",0.687,0.881,4,-5.325,1,0.0428,0.000486,0.00609,0.214,0.276,126.094,4
0x3TibRgnSqzkcwrqBd4iX,"3KV3p5EY4AvKxOlhGHORLg,3q7HBObVc0L8jNeTe5Gofh","Down On Me","All About You","Jeremih,50 Cent",2010-01-01,228453,77,spotify:user:ieswim,2022-11-16T18:22:41Z,"chicago rap,pop rap,r&b,southern hip hop,trap,urban contemporary,east coast hip hop,gangster rap,hip hop,queens hip hop,rap",0.7,0.598,2,-7.783,1,0.114,0.0369,0,0.111,0.594,160.041,4
5lAnYvAIkSDNXqfo7DyFUm,"5cj0lLjcoR7YOSnhnX0Po5","Ain't Shit","Planet Her","Doja Cat",2021-06-25,174253,80,spotify:user:ieswim,2022-11-30T19:33:18Z,"dance pop,pop",0.855,0.488,3,-4.601,1,0.208,0.506,0,0.347,0.619,124.097,4
1bDbXMyjaUIooNwFE9wn0N,"3TVXtAsR1Inumwj472S9r4,1URnnhqYAYcrqrcwql10ft","Rich Flex","Her Loss","Drake,21 Savage",2022-11-04,239359,87,spotify:user:ieswim,2022-12-02T02:45:38Z,"canadian hip hop,canadian pop,hip hop,pop rap,rap,atl hip hop",0.561,0.52,11,-9.342,0,0.244,0.0503,0.00000186,0.355,0.424,153.15,3
4ckuS4Nj4FZ7i3Def3Br8W,"3TVXtAsR1Inumwj472S9r4,1URnnhqYAYcrqrcwql10ft","Sneakin’","Sneakin’","Drake,21 Savage",2016-10-24,251333,67,spotify:user:ieswim,2022-12-02T02:45:42Z,"canadian hip hop,canadian pop,hip hop,pop rap,rap,atl hip hop",0.806,0.558,8,-6.538,1,0.172,0.00496,0.00000145,0.16,0.26,85.011,4
4Li2WHPkuyCdtmokzW2007,"3nFkdlSjzX9mRTtwJOzDYB,5K4W6rqBFWDnAN6FQUkS6x","Ni**as In Paris","Watch The Throne (Deluxe)","JAY-Z,Kanye West",2011-08-08,219333,41,spotify:user:ieswim,2022-12-02T02:45:54Z,"east coast hip hop,gangster rap,hip hop,pop rap,rap,chicago rap",0.789,0.858,1,-5.542,1,0.311,0.127,0,0.349,0.775,140.022,4
4FyesJzVpA39hbYvcseO2d,"4O15NlyKLIASxsJ0PrXPfz","Just Wanna Rock","Just Wanna Rock","Lil Uzi Vert",2022-10-17,123890,81,spotify:user:ieswim,2022-12-06T20:46:34Z,"hip hop,melodic rap,philly rap,rage rap,rap",0.486,0.545,11,-7.924,1,0.0336,0.0652,0.00474,0.0642,0.0385,150.187,4
3IAHBIlEOpJYW1tMBpYEHE,"37czgDRfGMvgRiUKHvnnhj,6xacomOfO7szsy6qZanBtI","Sweater Weather - Remix","Sweater Weather (Remix)","Öwnboss,Double MZK",2020-02-28,249193,1,spotify:user:ieswim,2023-01-15T02:07:39Z,"brazilian edm",0.613,0.919,7,-6.725,0,0.0672,0.00529,0.000367,0.167,0.198,123.965,4
0wTTf3msjDJ8NcZGTmQJQV,"7c0XG5cIJTrrAgEC3ULPiq,0YinUQ50QDB7ZxSCLyQ40k,3hcs9uc56yIGFCSy9leWe7","My Friends (feat. Lil Durk)","My Friends (feat. Lil Durk)","Ty Dolla $ign,Mustard,Lil Durk",2022-10-05,158167,57,spotify:user:ieswim,2023-01-17T22:41:50Z,"hip hop,pop rap,r&b,southern hip hop,trap,trap soul,cali rap,rap,chicago drill,chicago rap,drill",0.633,0.478,8,-8.039,1,0.044,0.0558,0,0.202,0.441,169.961,4
0O3TAouZE4vL9dM5SyxgvH,"13ubrt8QOOCPljQ2FL1Kca","Fashion Killa","LONG.LIVE.A$AP (Deluxe Version)","A$AP Rocky",2013,236280,77,spotify:user:ieswim,2023-01-17T23:23:30Z,"east coast hip hop,hip hop,rap,trap",0.801,0.819,11,-5.189,1,0.158,0.292,0,0.515,0.811,139.969,4
7qHNSOvoAZc7SdeJClZJbq,"3uo0ix4Y67XHVWBhXXIY1S","Kid Cudi - Remix","Kid Cudi (Remix)","Xavier Wulf",2019-07-15,96052,77,spotify:user:ieswim,2023-01-17T23:23:55Z,"cloud rap,dark trap,memphis hip hop,underground hip hop",0.792,0.779,2,-8.757,1,0.329,0.0997,0.000409,0.147,0.406,159.963,4
4P7LVHDbzn7aI6wWRh5AHc,"06HL4z0CvFAxyc27GXpf02","You Belong With Me (Taylor’s Version)","Fearless (Taylor’s Version): The I Remember What You Said Last Night Chapter","Taylor Swift",2021-05-24,231124,79,spotify:user:ieswim,2023-02-04T19:49:16Z,"pop",0.632,0.773,6,-4.856,1,0.0346,0.0623,0,0.0885,0.474,130.033,4
0QNNd0qMCDbraS1nQPg3aA,"0VRj0yCOv2FXJNP47XQnx5,3EW0kQ1skZiK1NHg3Spt9J","HOTEL LOBBY (Unc & Phew)","HOTEL LOBBY (Unc & Phew)","Quavo,Takeoff",2022-05-20,142657,73,spotify:user:ieswim,2023-04-21T00:40:22Z,"atl hip hop,melodic rap,rap,trap",0.821,0.636,11,-4.479,1,0.169,0.142,0,0.233,0.163,127.961,4
5BmB3OaQyYXCqRyN8iR2Yi,"0ErzCpIMyLcjPiwT4elrtZ","SLUT ME OUT","SLUT ME OUT","NLE Choppa",2022-04-22,123672,78,spotify:user:ieswim,2023-04-21T04:18:46Z,"memphis hip hop,rap",0.938,0.606,6,-6.396,0,0.419,0.117,0,0.528,0.706,121.108,4
5UqCQaDshqbIk3pkhy4Pjg,"1vCWHaC5f2uS3yhpwWbIA6","Levels - Radio Edit","Levels","Avicii",2011-10-28,199906,84,spotify:user:ieswim,2023-05-04T16:55:48Z,"dance pop,edm,pop,pop dance",0.584,0.889,1,-5.941,0,0.0343,0.0462,0.828,0.309,0.464,126.04,4
4uUG5RXrOk84mYEfFvj3cK,"1Cs0zKBU1kc0i8ypK3B9ai,64M6ah0SkkRsnPGtGiRAbb","I'm Good (Blue)","I'm Good (Blue)","David Guetta,Bebe Rexha",2022-08-26,175238,92,spotify:user:ieswim,2023-05-04T16:58:38Z,"big room,dance pop,edm,pop,pop dance",0.561,0.965,7,-3.673,0,0.0343,0.00383,0.00000707,0.371,0.304,128.04,4
29TPjc8wxfz4XMn21O7VsZ,"699OTQXzgjhIYAHMy9RyPD","Sky","Whole Lotta Red","Playboi Carti",2020-12-25,193234,86,spotify:user:ieswim,2023-05-04T17:06:18Z,"atl hip hop,plugg,pluggnb,rage rap,rap",0.785,0.903,2,-4.184,1,0.21,0.258,0,0.169,0.565,139.98,4
